split,label,image_path,xmin,ymin,xmax,ymax,crop_path
train,next,c:\Users\Lenovo\Documents\CODING\Python\computer_vision\HandGesturePresentationController\Dataset_roboflow\train\_storage_emulated_0_DCIM_Camera_IMG_20251121_120735_jpg.rf.86a260561271577efd1757d3c17075ae.jpg,22,240,428,393,c:/Users/Lenovo/Documents/CODING/Python/computer_vision/HandGesturePresentationController/dataset_final/train/next/train_next__storage_emulated_0_DCIM_Camera_IMG_20251121_120735_jpg.rf.86a260561271577efd1757d3c17075ae_0_228_460_405.jpg
train,next,c:\Users\Lenovo\Documents\CODING\Python\computer_vision\HandGesturePresentationController\Dataset_roboflow\train\_storage_emulated_0_DCIM_Camera_IMG_20251121_120735_jpg.rf.d565a83c5224a883907e55f6ce5b028d.jpg,86,240,492,393,c:/Users/Lenovo/Documents/CODING/Python/computer_vision/HandGesturePresentationController/dataset_final/train/next/train_next__storage_emulated_0_DCIM_Camera_IMG_20251121_120735_jpg.rf.d565a83c5224a883907e55f6ce5b028d_54_228_512_405.jpg
train,next,c:\Users\Lenovo\Documents\CODING\Python\computer_vision\HandGesturePresentationController\Dataset_roboflow\train\_storage_emulated_0_DCIM_Camera_IMG_20251121_120735_jpg.rf.e0a25ef7d0c514d4d0cdaa98e9489e7b.jpg,86,240,492,393,c:/Users/Lenovo/Documents/CODING/Python/computer_vision/HandGesturePresentationController/dataset_final/train/next/train_next__storage_emulated_0_DCIM_Camera_IMG_20251121_120735_jpg.rf.e0a25ef7d0c514d4d0cdaa98e9489e7b_54_228_512_405.jpg
train,next,c:\Users\Lenovo\Documents\CODING\Python\computer_vision\HandGesturePresentationController\Dataset_roboflow\train\IMG20251127130759_jpg.rf.4a3536b20c6aa41ba415dbede9a7d120.jpg,130,152,357,311,c:/Users/Lenovo/Documents/CODING/Python/computer_vision/HandGesturePresentationController/dataset_final/train/next/train_next_IMG20251127130759_jpg.rf.4a3536b20c6aa41ba415dbede9a7d120_112_140_375_323.jpg
train,next,c:\Users\Lenovo\Documents\CODING\Python\computer_vision\HandGesturePresentationController\Dataset_roboflow\train\IMG20251127130759_jpg.rf.bd9e1a131dabacf75a20bcaeff2c8eeb.jpg,157,152,384,311,c:/Users/Lenovo/Documents/CODING/Python/computer_vision/HandGesturePresentationController/dataset_final/train/next/train_next_IMG20251127130759_jpg.rf.bd9e1a131dabacf75a20bcaeff2c8eeb_139_140_402_323.jpg
train,next,c:\Users\Lenovo\Documents\CODING\Python\computer_vision\HandGesturePresentationController\Dataset_roboflow\train\IMG20251127130759_jpg.rf.fe22efe33fa4317335c656f21b2c9bcd.jpg,157,152,384,311,c:/Users/Lenovo/Documents/CODING/Python/computer_vision/HandGesturePresentationController/dataset_final/train/next/train_next_IMG20251127130759_jpg.rf.fe22efe33fa4317335c656f21b2c9bcd_139_140_402_323.jpg
train,next,c:\Users\Lenovo\Documents\CODING\Python\computer_vision\HandGesturePresentationController\Dataset_roboflow\train\IMG20251127130807_jpg.rf.a86a8ebc00b5210e601b1e7f548b7c6b.jpg,95,193,322,348,c:/Users/Lenovo/Documents/CODING/Python/computer_vision/HandGesturePresentationController/dataset_final/train/next/train_next_IMG20251127130807_jpg.rf.a86a8ebc00b5210e601b1e7f548b7c6b_77_181_340_360.jpg
train,next,c:\Users\Lenovo\Documents\CODING\Python\computer_vision\HandGesturePresentationController\Dataset_roboflow\train\IMG20251127130807_jpg.rf.e54574e8680eb1a556ae76dc083293a2.jpg,192,193,419,348,c:/Users/Lenovo/Documents/CODING/Python/computer_vision/HandGesturePresentationController/dataset_final/train/next/train_next_IMG20251127130807_jpg.rf.e54574e8680eb1a556ae76dc083293a2_174_181_437_360.jpg
train,next,c:\Users\Lenovo\Documents\CODING\Python\computer_vision\HandGesturePresentationController\Dataset_roboflow\train\IMG20251127130807_jpg.rf.e7480a9572b010cbc1ccc04c8d10281a.jpg,95,193,322,348,c:/Users/Lenovo/Documents/CODING/Python/computer_vision/HandGesturePresentationController/dataset_final/train/next/train_next_IMG20251127130807_jpg.rf.e7480a9572b010cbc1ccc04c8d10281a_77_181_340_360.jpg
train,next,c:\Users\Lenovo\Documents\CODING\Python\computer_vision\HandGesturePresentationController\Dataset_roboflow\train\IMG20251127130810_jpg.rf.2b65f7285f08a3b93ed6243553ad7b07.jpg,118,228,319,366,c:/Users/Lenovo/Documents/CODING/Python/computer_vision/HandGesturePresentationController/dataset_final/train/next/train_next_IMG20251127130810_jpg.rf.2b65f7285f08a3b93ed6243553ad7b07_102_217_335_377.jpg
train,next,c:\Users\Lenovo\Documents\CODING\Python\computer_vision\HandGesturePresentationController\Dataset_roboflow\train\IMG20251127130810_jpg.rf.43797ee7b3285ebf910794b55d82c77e.jpg,118,228,319,366,c:/Users/Lenovo/Documents/CODING/Python/computer_vision/HandGesturePresentationController/dataset_final/train/next/train_next_IMG20251127130810_jpg.rf.43797ee7b3285ebf910794b55d82c77e_102_217_335_377.jpg
train,next,c:\Users\Lenovo\Documents\CODING\Python\computer_vision\HandGesturePresentationController\Dataset_roboflow\train\IMG20251127130810_jpg.rf.52e3bb84915e20913d6e86f9121d7bd2.jpg,195,228,396,366,c:/Users/Lenovo/Documents/CODING/Python/computer_vision/HandGesturePresentationController/dataset_final/train/next/train_next_IMG20251127130810_jpg.rf.52e3bb84915e20913d6e86f9121d7bd2_179_217_412_377.jpg
train,previous,c:\Users\Lenovo\Documents\CODING\Python\computer_vision\HandGesturePresentationController\Dataset_roboflow\train\IMG20251127130839_jpg.rf.125bc0f2d3242a814fbb6399cea57fd4.jpg,98,186,298,333,c:/Users/Lenovo/Documents/CODING/Python/computer_vision/HandGesturePresentationController/dataset_final/train/previous/train_previous_IMG20251127130839_jpg.rf.125bc0f2d3242a814fbb6399cea57fd4_82_175_314_344.jpg
train,previous,c:\Users\Lenovo\Documents\CODING\Python\computer_vision\HandGesturePresentationController\Dataset_roboflow\train\IMG20251127130839_jpg.rf.b052621a42b901f8404ec0f14049fb8b.jpg,98,186,298,333,c:/Users/Lenovo/Documents/CODING/Python/computer_vision/HandGesturePresentationController/dataset_final/train/previous/train_previous_IMG20251127130839_jpg.rf.b052621a42b901f8404ec0f14049fb8b_82_175_314_344.jpg
train,previous,c:\Users\Lenovo\Documents\CODING\Python\computer_vision\HandGesturePresentationController\Dataset_roboflow\train\IMG20251127130839_jpg.rf.b5ae5b2706343aaea4d54aac965993a9.jpg,217,186,417,333,c:/Users/Lenovo/Documents/CODING/Python/computer_vision/HandGesturePresentationController/dataset_final/train/previous/train_previous_IMG20251127130839_jpg.rf.b5ae5b2706343aaea4d54aac965993a9_201_175_433_344.jpg
train,previous,c:\Users\Lenovo\Documents\CODING\Python\computer_vision\HandGesturePresentationController\Dataset_roboflow\train\IMG20251127130846_jpg.rf.27f75e6903334072660ef758121f2147.jpg,62,207,268,336,c:/Users/Lenovo/Documents/CODING/Python/computer_vision/HandGesturePresentationController/dataset_final/train/previous/train_previous_IMG20251127130846_jpg.rf.27f75e6903334072660ef758121f2147_46_197_284_346.jpg
train,previous,c:\Users\Lenovo\Documents\CODING\Python\computer_vision\HandGesturePresentationController\Dataset_roboflow\train\IMG20251127130846_jpg.rf.2bf2d56fa765db85166ca91525db10df.jpg,62,207,268,336,c:/Users/Lenovo/Documents/CODING/Python/computer_vision/HandGesturePresentationController/dataset_final/train/previous/train_previous_IMG20251127130846_jpg.rf.2bf2d56fa765db85166ca91525db10df_46_197_284_346.jpg
train,previous,c:\Users\Lenovo\Documents\CODING\Python\computer_vision\HandGesturePresentationController\Dataset_roboflow\train\IMG20251127130846_jpg.rf.a22ba5780d0a8c8eb8e8b825db95bb2c.jpg,246,207,452,336,c:/Users/Lenovo/Documents/CODING/Python/computer_vision/HandGesturePresentationController/dataset_final/train/previous/train_previous_IMG20251127130846_jpg.rf.a22ba5780d0a8c8eb8e8b825db95bb2c_230_197_468_346.jpg
train,previous,c:\Users\Lenovo\Documents\CODING\Python\computer_vision\HandGesturePresentationController\Dataset_roboflow\train\IMG20251127130851_jpg.rf.2a7bafdf2eba4d326b48ba1db784121f.jpg,200,202,381,320,c:/Users/Lenovo/Documents/CODING/Python/computer_vision/HandGesturePresentationController/dataset_final/train/previous/train_previous_IMG20251127130851_jpg.rf.2a7bafdf2eba4d326b48ba1db784121f_186_193_395_329.jpg
train,previous,c:\Users\Lenovo\Documents\CODING\Python\computer_vision\HandGesturePresentationController\Dataset_roboflow\train\IMG20251127130851_jpg.rf.ca50eb1579540832e3c60f27e7f12850.jpg,134,202,315,320,c:/Users/Lenovo/Documents/CODING/Python/computer_vision/HandGesturePresentationController/dataset_final/train/previous/train_previous_IMG20251127130851_jpg.rf.ca50eb1579540832e3c60f27e7f12850_120_193_329_329.jpg
train,previous,c:\Users\Lenovo\Documents\CODING\Python\computer_vision\HandGesturePresentationController\Dataset_roboflow\train\IMG20251127130851_jpg.rf.d7a585ae450df5f18549ce0c499d4491.jpg,200,202,381,320,c:/Users/Lenovo/Documents/CODING/Python/computer_vision/HandGesturePresentationController/dataset_final/train/previous/train_previous_IMG20251127130851_jpg.rf.d7a585ae450df5f18549ce0c499d4491_186_193_395_329.jpg
train,previous,c:\Users\Lenovo\Documents\CODING\Python\computer_vision\HandGesturePresentationController\Dataset_roboflow\train\IMG20251127130855_jpg.rf.430f0ac206e20d6339d9fdc506cea09b.jpg,201,224,410,345,c:/Users/Lenovo/Documents/CODING/Python/computer_vision/HandGesturePresentationController/dataset_final/train/previous/train_previous_IMG20251127130855_jpg.rf.430f0ac206e20d6339d9fdc506cea09b_185_215_426_354.jpg
train,previous,c:\Users\Lenovo\Documents\CODING\Python\computer_vision\HandGesturePresentationController\Dataset_roboflow\train\IMG20251127130855_jpg.rf.b88912d9d761dc31ea31c31f6f593ea6.jpg,104,224,313,345,c:/Users/Lenovo/Documents/CODING/Python/computer_vision/HandGesturePresentationController/dataset_final/train/previous/train_previous_IMG20251127130855_jpg.rf.b88912d9d761dc31ea31c31f6f593ea6_88_215_329_354.jpg
train,previous,c:\Users\Lenovo\Documents\CODING\Python\computer_vision\HandGesturePresentationController\Dataset_roboflow\train\IMG20251127130855_jpg.rf.e072a510a1948da0ec11c5c4d41abb51.jpg,201,224,410,345,c:/Users/Lenovo/Documents/CODING/Python/computer_vision/HandGesturePresentationController/dataset_final/train/previous/train_previous_IMG20251127130855_jpg.rf.e072a510a1948da0ec11c5c4d41abb51_185_215_426_354.jpg
train,previous,c:\Users\Lenovo\Documents\CODING\Python\computer_vision\HandGesturePresentationController\Dataset_roboflow\train\IMG20251127130859_jpg.rf.190427f93b38d1de43384628a03d5e1e.jpg,153,222,349,354,c:/Users/Lenovo/Documents/CODING/Python/computer_vision/HandGesturePresentationController/dataset_final/train/previous/train_previous_IMG20251127130859_jpg.rf.190427f93b38d1de43384628a03d5e1e_138_212_364_364.jpg
train,previous,c:\Users\Lenovo\Documents\CODING\Python\computer_vision\HandGesturePresentationController\Dataset_roboflow\train\IMG20251127130859_jpg.rf.a9d4e3155184773a5679a3a76faea51d.jpg,165,222,361,354,c:/Users/Lenovo/Documents/CODING/Python/computer_vision/HandGesturePresentationController/dataset_final/train/previous/train_previous_IMG20251127130859_jpg.rf.a9d4e3155184773a5679a3a76faea51d_150_212_376_364.jpg
train,previous,c:\Users\Lenovo\Documents\CODING\Python\computer_vision\HandGesturePresentationController\Dataset_roboflow\train\IMG20251127130859_jpg.rf.fbb4598779d8ea23e6585606328fe6c4.jpg,153,222,349,354,c:/Users/Lenovo/Documents/CODING/Python/computer_vision/HandGesturePresentationController/dataset_final/train/previous/train_previous_IMG20251127130859_jpg.rf.fbb4598779d8ea23e6585606328fe6c4_138_212_364_364.jpg
train,next,c:\Users\Lenovo\Documents\CODING\Python\computer_vision\HandGesturePresentationController\Dataset_roboflow\train\IMG20251127130909_jpg.rf.0a19c97d56319c64046ac1ed8b6f1785.jpg,249,237,335,298,c:/Users/Lenovo/Documents/CODING/Python/computer_vision/HandGesturePresentationController/dataset_final/train/next/train_next_IMG20251127130909_jpg.rf.0a19c97d56319c64046ac1ed8b6f1785_243_233_341_302.jpg
train,next,c:\Users\Lenovo\Documents\CODING\Python\computer_vision\HandGesturePresentationController\Dataset_roboflow\train\IMG20251127130909_jpg.rf.149cc17a459341b3abc21a6709df54a4.jpg,179,237,265,298,c:/Users/Lenovo/Documents/CODING/Python/computer_vision/HandGesturePresentationController/dataset_final/train/next/train_next_IMG20251127130909_jpg.rf.149cc17a459341b3abc21a6709df54a4_173_233_271_302.jpg
train,next,c:\Users\Lenovo\Documents\CODING\Python\computer_vision\HandGesturePresentationController\Dataset_roboflow\train\IMG20251127130909_jpg.rf.a17c28e827952898d29bc3168af92720.jpg,179,237,265,298,c:/Users/Lenovo/Documents/CODING/Python/computer_vision/HandGesturePresentationController/dataset_final/train/next/train_next_IMG20251127130909_jpg.rf.a17c28e827952898d29bc3168af92720_173_233_271_302.jpg
train,next,c:\Users\Lenovo\Documents\CODING\Python\computer_vision\HandGesturePresentationController\Dataset_roboflow\train\IMG20251127130914_jpg.rf.1060edd64abc3ebccff007a2c74e35bd.jpg,209,202,299,268,c:/Users/Lenovo/Documents/CODING/Python/computer_vision/HandGesturePresentationController/dataset_final/train/next/train_next_IMG20251127130914_jpg.rf.1060edd64abc3ebccff007a2c74e35bd_202_197_306_273.jpg
train,next,c:\Users\Lenovo\Documents\CODING\Python\computer_vision\HandGesturePresentationController\Dataset_roboflow\train\IMG20251127130914_jpg.rf.d539c9c67d2955504498e32eaa34fe82.jpg,209,202,299,268,c:/Users/Lenovo/Documents/CODING/Python/computer_vision/HandGesturePresentationController/dataset_final/train/next/train_next_IMG20251127130914_jpg.rf.d539c9c67d2955504498e32eaa34fe82_202_197_306_273.jpg
train,next,c:\Users\Lenovo\Documents\CODING\Python\computer_vision\HandGesturePresentationController\Dataset_roboflow\train\IMG20251127130914_jpg.rf.ecc58be2335438d7ea258f3886960634.jpg,215,202,305,268,c:/Users/Lenovo/Documents/CODING/Python/computer_vision/HandGesturePresentationController/dataset_final/train/next/train_next_IMG20251127130914_jpg.rf.ecc58be2335438d7ea258f3886960634_208_197_312_273.jpg
train,next,c:\Users\Lenovo\Documents\CODING\Python\computer_vision\HandGesturePresentationController\Dataset_roboflow\train\IMG20251127130916_jpg.rf.7a25f4e700dce916e0bfe52b34cf6368.jpg,196,264,276,321,c:/Users/Lenovo/Documents/CODING/Python/computer_vision/HandGesturePresentationController/dataset_final/train/next/train_next_IMG20251127130916_jpg.rf.7a25f4e700dce916e0bfe52b34cf6368_190_260_282_325.jpg
train,next,c:\Users\Lenovo\Documents\CODING\Python\computer_vision\HandGesturePresentationController\Dataset_roboflow\train\IMG20251127130916_jpg.rf.9c71fccd879e9f049bfe8f4ac27d95be.jpg,239,264,319,321,c:/Users/Lenovo/Documents/CODING/Python/computer_vision/HandGesturePresentationController/dataset_final/train/next/train_next_IMG20251127130916_jpg.rf.9c71fccd879e9f049bfe8f4ac27d95be_233_260_325_325.jpg
train,next,c:\Users\Lenovo\Documents\CODING\Python\computer_vision\HandGesturePresentationController\Dataset_roboflow\train\IMG20251127130916_jpg.rf.a6d87ea1af9b726188af6110c1bb6632.jpg,239,264,319,321,c:/Users/Lenovo/Documents/CODING/Python/computer_vision/HandGesturePresentationController/dataset_final/train/next/train_next_IMG20251127130916_jpg.rf.a6d87ea1af9b726188af6110c1bb6632_233_260_325_325.jpg
train,previous,c:\Users\Lenovo\Documents\CODING\Python\computer_vision\HandGesturePresentationController\Dataset_roboflow\train\IMG20251127130924_jpg.rf.1d3273a6d2b5593023dc7b9bb8ef0fec.jpg,191,224,270,277,c:/Users/Lenovo/Documents/CODING/Python/computer_vision/HandGesturePresentationController/dataset_final/train/previous/train_previous_IMG20251127130924_jpg.rf.1d3273a6d2b5593023dc7b9bb8ef0fec_185_220_276_281.jpg
train,previous,c:\Users\Lenovo\Documents\CODING\Python\computer_vision\HandGesturePresentationController\Dataset_roboflow\train\IMG20251127130924_jpg.rf.3223e4d89ba583eddc5dcacf8237fa34.jpg,245,224,324,277,c:/Users/Lenovo/Documents/CODING/Python/computer_vision/HandGesturePresentationController/dataset_final/train/previous/train_previous_IMG20251127130924_jpg.rf.3223e4d89ba583eddc5dcacf8237fa34_239_220_330_281.jpg
train,previous,c:\Users\Lenovo\Documents\CODING\Python\computer_vision\HandGesturePresentationController\Dataset_roboflow\train\IMG20251127130924_jpg.rf.6bc0fba88094cf09a3786fb28e0a6e13.jpg,191,224,270,277,c:/Users/Lenovo/Documents/CODING/Python/computer_vision/HandGesturePresentationController/dataset_final/train/previous/train_previous_IMG20251127130924_jpg.rf.6bc0fba88094cf09a3786fb28e0a6e13_185_220_276_281.jpg
train,previous,c:\Users\Lenovo\Documents\CODING\Python\computer_vision\HandGesturePresentationController\Dataset_roboflow\train\IMG20251127130927_jpg.rf.109329dc39d545e26429f97238aa3baa.jpg,143,212,221,268,c:/Users/Lenovo/Documents/CODING/Python/computer_vision/HandGesturePresentationController/dataset_final/train/previous/train_previous_IMG20251127130927_jpg.rf.109329dc39d545e26429f97238aa3baa_137_208_227_272.jpg
train,previous,c:\Users\Lenovo\Documents\CODING\Python\computer_vision\HandGesturePresentationController\Dataset_roboflow\train\IMG20251127130927_jpg.rf.bc35669983bef966b2556400cca51d4f.jpg,143,212,221,268,c:/Users/Lenovo/Documents/CODING/Python/computer_vision/HandGesturePresentationController/dataset_final/train/previous/train_previous_IMG20251127130927_jpg.rf.bc35669983bef966b2556400cca51d4f_137_208_227_272.jpg
train,previous,c:\Users\Lenovo\Documents\CODING\Python\computer_vision\HandGesturePresentationController\Dataset_roboflow\train\IMG20251127130927_jpg.rf.ed1c0e53fd134e1c10e582fea4ed02e8.jpg,143,212,221,268,c:/Users/Lenovo/Documents/CODING/Python/computer_vision/HandGesturePresentationController/dataset_final/train/previous/train_previous_IMG20251127130927_jpg.rf.ed1c0e53fd134e1c10e582fea4ed02e8_137_208_227_272.jpg
train,previous,c:\Users\Lenovo\Documents\CODING\Python\computer_vision\HandGesturePresentationController\Dataset_roboflow\train\IMG20251127130930_jpg.rf.c91473d0a5093274aff03bc395ddf7d7.jpg,257,227,337,290,c:/Users/Lenovo/Documents/CODING/Python/computer_vision/HandGesturePresentationController/dataset_final/train/previous/train_previous_IMG20251127130930_jpg.rf.c91473d0a5093274aff03bc395ddf7d7_251_222_343_295.jpg
train,previous,c:\Users\Lenovo\Documents\CODING\Python\computer_vision\HandGesturePresentationController\Dataset_roboflow\train\IMG20251127130930_jpg.rf.d5ac9d2f722ae6629cb15d65bc832ea2.jpg,177,227,257,290,c:/Users/Lenovo/Documents/CODING/Python/computer_vision/HandGesturePresentationController/dataset_final/train/previous/train_previous_IMG20251127130930_jpg.rf.d5ac9d2f722ae6629cb15d65bc832ea2_171_222_263_295.jpg
train,previous,c:\Users\Lenovo\Documents\CODING\Python\computer_vision\HandGesturePresentationController\Dataset_roboflow\train\IMG20251127130930_jpg.rf.e43d2d16e576a996a6076edde3ad0c42.jpg,177,227,257,290,c:/Users/Lenovo/Documents/CODING/Python/computer_vision/HandGesturePresentationController/dataset_final/train/previous/train_previous_IMG20251127130930_jpg.rf.e43d2d16e576a996a6076edde3ad0c42_171_222_263_295.jpg
train,previous,c:\Users\Lenovo\Documents\CODING\Python\computer_vision\HandGesturePresentationController\Dataset_roboflow\train\IMG20251127130935_jpg.rf.2b91b80d429620aeeae941ac90f5c0a7.jpg,134,222,212,279,c:/Users/Lenovo/Documents/CODING/Python/computer_vision/HandGesturePresentationController/dataset_final/train/previous/train_previous_IMG20251127130935_jpg.rf.2b91b80d429620aeeae941ac90f5c0a7_128_218_218_283.jpg
train,previous,c:\Users\Lenovo\Documents\CODING\Python\computer_vision\HandGesturePresentationController\Dataset_roboflow\train\IMG20251127130935_jpg.rf.40e2df56da419cd3d27c7b5fbdce49d4.jpg,134,222,212,279,c:/Users/Lenovo/Documents/CODING/Python/computer_vision/HandGesturePresentationController/dataset_final/train/previous/train_previous_IMG20251127130935_jpg.rf.40e2df56da419cd3d27c7b5fbdce49d4_128_218_218_283.jpg
train,previous,c:\Users\Lenovo\Documents\CODING\Python\computer_vision\HandGesturePresentationController\Dataset_roboflow\train\IMG20251127130935_jpg.rf.cde6ed093d648b47203d00ad93405a91.jpg,302,222,380,279,c:/Users/Lenovo/Documents/CODING/Python/computer_vision/HandGesturePresentationController/dataset_final/train/previous/train_previous_IMG20251127130935_jpg.rf.cde6ed093d648b47203d00ad93405a91_296_218_386_283.jpg
train,previous,c:\Users\Lenovo\Documents\CODING\Python\computer_vision\HandGesturePresentationController\Dataset_roboflow\train\IMG_20251121_120113_jpg.rf.186d1d0dd1be5c6529aee906f64a33fd.jpg,104,187,457,304,c:/Users/Lenovo/Documents/CODING/Python/computer_vision/HandGesturePresentationController/dataset_final/train/previous/train_previous_IMG_20251121_120113_jpg.rf.186d1d0dd1be5c6529aee906f64a33fd_76_178_485_313.jpg
train,previous,c:\Users\Lenovo\Documents\CODING\Python\computer_vision\HandGesturePresentationController\Dataset_roboflow\train\IMG_20251121_120113_jpg.rf.5d7ba51a5b69143f5be50add81e434fb.jpg,104,187,457,304,c:/Users/Lenovo/Documents/CODING/Python/computer_vision/HandGesturePresentationController/dataset_final/train/previous/train_previous_IMG_20251121_120113_jpg.rf.5d7ba51a5b69143f5be50add81e434fb_76_178_485_313.jpg
train,previous,c:\Users\Lenovo\Documents\CODING\Python\computer_vision\HandGesturePresentationController\Dataset_roboflow\train\IMG_20251121_120113_jpg.rf.d17d6bf3304f5671b8d41b0a53a74de6.jpg,57,187,410,304,c:/Users/Lenovo/Documents/CODING/Python/computer_vision/HandGesturePresentationController/dataset_final/train/previous/train_previous_IMG_20251121_120113_jpg.rf.d17d6bf3304f5671b8d41b0a53a74de6_29_178_438_313.jpg
train,next,c:\Users\Lenovo\Documents\CODING\Python\computer_vision\HandGesturePresentationController\Dataset_roboflow\train\IMG_20251121_120120_jpg.rf.0d0788ee162429db8096a4975e0b20e8.jpg,30,187,451,371,c:/Users/Lenovo/Documents/CODING/Python/computer_vision/HandGesturePresentationController/dataset_final/train/next/train_next_IMG_20251121_120120_jpg.rf.0d0788ee162429db8096a4975e0b20e8_0_173_484_385.jpg
train,next,c:\Users\Lenovo\Documents\CODING\Python\computer_vision\HandGesturePresentationController\Dataset_roboflow\train\IMG_20251121_120120_jpg.rf.c5b5cecab93816ff8cccfc137219930a.jpg,30,187,451,371,c:/Users/Lenovo/Documents/CODING/Python/computer_vision/HandGesturePresentationController/dataset_final/train/next/train_next_IMG_20251121_120120_jpg.rf.c5b5cecab93816ff8cccfc137219930a_0_173_484_385.jpg
train,next,c:\Users\Lenovo\Documents\CODING\Python\computer_vision\HandGesturePresentationController\Dataset_roboflow\train\IMG_20251121_120120_jpg.rf.f64da9d4e11b05dcfc6e0f0dd061af75.jpg,30,187,451,371,c:/Users/Lenovo/Documents/CODING/Python/computer_vision/HandGesturePresentationController/dataset_final/train/next/train_next_IMG_20251121_120120_jpg.rf.f64da9d4e11b05dcfc6e0f0dd061af75_0_173_484_385.jpg
train,previous,c:\Users\Lenovo\Documents\CODING\Python\computer_vision\HandGesturePresentationController\Dataset_roboflow\train\IMG_20251121_120220_jpg.rf.9808bd7ac68e88c1af34fb8337081110.jpg,189,296,298,346,c:/Users/Lenovo/Documents/CODING/Python/computer_vision/HandGesturePresentationController/dataset_final/train/previous/train_previous_IMG_20251121_120220_jpg.rf.9808bd7ac68e88c1af34fb8337081110_181_292_306_350.jpg
train,previous,c:\Users\Lenovo\Documents\CODING\Python\computer_vision\HandGesturePresentationController\Dataset_roboflow\train\IMG_20251121_120220_jpg.rf.c34d99782961357a2dff911b6e58e3c2.jpg,216,296,325,346,c:/Users/Lenovo/Documents/CODING/Python/computer_vision/HandGesturePresentationController/dataset_final/train/previous/train_previous_IMG_20251121_120220_jpg.rf.c34d99782961357a2dff911b6e58e3c2_208_292_333_350.jpg
train,previous,c:\Users\Lenovo\Documents\CODING\Python\computer_vision\HandGesturePresentationController\Dataset_roboflow\train\IMG_20251121_120220_jpg.rf.d254c4ed855dd62adecf93559492711a.jpg,216,296,325,346,c:/Users/Lenovo/Documents/CODING/Python/computer_vision/HandGesturePresentationController/dataset_final/train/previous/train_previous_IMG_20251121_120220_jpg.rf.d254c4ed855dd62adecf93559492711a_208_292_333_350.jpg
train,next,c:\Users\Lenovo\Documents\CODING\Python\computer_vision\HandGesturePresentationController\Dataset_roboflow\train\IMG_20251121_120225_jpg.rf.091bbd6e3bf23bacafc39bb415666054.jpg,175,296,329,368,c:/Users/Lenovo/Documents/CODING/Python/computer_vision/HandGesturePresentationController/dataset_final/train/next/train_next_IMG_20251121_120225_jpg.rf.091bbd6e3bf23bacafc39bb415666054_163_291_341_373.jpg
train,next,c:\Users\Lenovo\Documents\CODING\Python\computer_vision\HandGesturePresentationController\Dataset_roboflow\train\IMG_20251121_120225_jpg.rf.3226f60013c61d6dbdf26f7d558387c7.jpg,185,296,339,368,c:/Users/Lenovo/Documents/CODING/Python/computer_vision/HandGesturePresentationController/dataset_final/train/next/train_next_IMG_20251121_120225_jpg.rf.3226f60013c61d6dbdf26f7d558387c7_173_291_351_373.jpg
train,next,c:\Users\Lenovo\Documents\CODING\Python\computer_vision\HandGesturePresentationController\Dataset_roboflow\train\IMG_20251121_120225_jpg.rf.3bc0038ac2c7b1113a3863d8fe471b52.jpg,185,296,339,368,c:/Users/Lenovo/Documents/CODING/Python/computer_vision/HandGesturePresentationController/dataset_final/train/next/train_next_IMG_20251121_120225_jpg.rf.3bc0038ac2c7b1113a3863d8fe471b52_173_291_351_373.jpg
train,previous,c:\Users\Lenovo\Documents\CODING\Python\computer_vision\HandGesturePresentationController\Dataset_roboflow\train\IMG_20251121_120615_jpg.rf.7b28f7facbab2cfa6db036bd6f4c7d59.jpg,99,216,386,329,c:/Users/Lenovo/Documents/CODING/Python/computer_vision/HandGesturePresentationController/dataset_final/train/previous/train_previous_IMG_20251121_120615_jpg.rf.7b28f7facbab2cfa6db036bd6f4c7d59_77_207_408_338.jpg
train,previous,c:\Users\Lenovo\Documents\CODING\Python\computer_vision\HandGesturePresentationController\Dataset_roboflow\train\IMG_20251121_120615_jpg.rf.e66a3e5c008dfdbcbe3ba82d786628a3.jpg,99,216,386,329,c:/Users/Lenovo/Documents/CODING/Python/computer_vision/HandGesturePresentationController/dataset_final/train/previous/train_previous_IMG_20251121_120615_jpg.rf.e66a3e5c008dfdbcbe3ba82d786628a3_77_207_408_338.jpg
train,previous,c:\Users\Lenovo\Documents\CODING\Python\computer_vision\HandGesturePresentationController\Dataset_roboflow\train\IMG_20251121_120615_jpg.rf.faa94e80cdfedd88d31def91934bb66d.jpg,128,216,415,329,c:/Users/Lenovo/Documents/CODING/Python/computer_vision/HandGesturePresentationController/dataset_final/train/previous/train_previous_IMG_20251121_120615_jpg.rf.faa94e80cdfedd88d31def91934bb66d_106_207_437_338.jpg
train,previous,c:\Users\Lenovo\Documents\CODING\Python\computer_vision\HandGesturePresentationController\Dataset_roboflow\train\IMG_20251121_120625_jpg.rf.45da611f381dfa03e06659788385e79f.jpg,13,184,443,341,c:/Users/Lenovo/Documents/CODING/Python/computer_vision/HandGesturePresentationController/dataset_final/train/previous/train_previous_IMG_20251121_120625_jpg.rf.45da611f381dfa03e06659788385e79f_0_172_477_353.jpg
train,previous,c:\Users\Lenovo\Documents\CODING\Python\computer_vision\HandGesturePresentationController\Dataset_roboflow\train\IMG_20251121_120625_jpg.rf.59cc4e829745028d4da24a4ff7f449b8.jpg,71,184,501,341,c:/Users/Lenovo/Documents/CODING/Python/computer_vision/HandGesturePresentationController/dataset_final/train/previous/train_previous_IMG_20251121_120625_jpg.rf.59cc4e829745028d4da24a4ff7f449b8_37_172_512_353.jpg
train,previous,c:\Users\Lenovo\Documents\CODING\Python\computer_vision\HandGesturePresentationController\Dataset_roboflow\train\IMG_20251121_120625_jpg.rf.e92ebe67d60db7d1f7e409a1721d978c.jpg,13,184,443,341,c:/Users/Lenovo/Documents/CODING/Python/computer_vision/HandGesturePresentationController/dataset_final/train/previous/train_previous_IMG_20251121_120625_jpg.rf.e92ebe67d60db7d1f7e409a1721d978c_0_172_477_353.jpg
train,previous,c:\Users\Lenovo\Documents\CODING\Python\computer_vision\HandGesturePresentationController\Dataset_roboflow\train\IMG_20251121_120636_jpg.rf.4a349c3a06b51511fd60ab3b36839506.jpg,122,204,477,344,c:/Users/Lenovo/Documents/CODING/Python/computer_vision/HandGesturePresentationController/dataset_final/train/previous/train_previous_IMG_20251121_120636_jpg.rf.4a349c3a06b51511fd60ab3b36839506_94_193_505_355.jpg
train,previous,c:\Users\Lenovo\Documents\CODING\Python\computer_vision\HandGesturePresentationController\Dataset_roboflow\train\IMG_20251121_120636_jpg.rf.f40dee475313c8c8f5c4997c66fbcf2e.jpg,122,204,477,344,c:/Users/Lenovo/Documents/CODING/Python/computer_vision/HandGesturePresentationController/dataset_final/train/previous/train_previous_IMG_20251121_120636_jpg.rf.f40dee475313c8c8f5c4997c66fbcf2e_94_193_505_355.jpg
train,previous,c:\Users\Lenovo\Documents\CODING\Python\computer_vision\HandGesturePresentationController\Dataset_roboflow\train\IMG_20251121_120636_jpg.rf.f8773edec7c5bfa24fd9c6e755314fbd.jpg,122,204,477,344,c:/Users/Lenovo/Documents/CODING/Python/computer_vision/HandGesturePresentationController/dataset_final/train/previous/train_previous_IMG_20251121_120636_jpg.rf.f8773edec7c5bfa24fd9c6e755314fbd_94_193_505_355.jpg
train,next,c:\Users\Lenovo\Documents\CODING\Python\computer_vision\HandGesturePresentationController\Dataset_roboflow\train\IMG_20251121_120714_jpg.rf.2e30b0745fdc6423429663a547f2c046.jpg,67,235,513,452,c:/Users/Lenovo/Documents/CODING/Python/computer_vision/HandGesturePresentationController/dataset_final/train/next/train_next_IMG_20251121_120714_jpg.rf.2e30b0745fdc6423429663a547f2c046_32_218_512_469.jpg
train,next,c:\Users\Lenovo\Documents\CODING\Python\computer_vision\HandGesturePresentationController\Dataset_roboflow\train\IMG_20251121_120714_jpg.rf.43b82ff2cd76d5ae3a0e396155ccaacf.jpg,67,235,513,452,c:/Users/Lenovo/Documents/CODING/Python/computer_vision/HandGesturePresentationController/dataset_final/train/next/train_next_IMG_20251121_120714_jpg.rf.43b82ff2cd76d5ae3a0e396155ccaacf_32_218_512_469.jpg
train,next,c:\Users\Lenovo\Documents\CODING\Python\computer_vision\HandGesturePresentationController\Dataset_roboflow\train\IMG_20251121_120714_jpg.rf.9fb371f2c2eea88903f5594a6b97f426.jpg,1,235,447,452,c:/Users/Lenovo/Documents/CODING/Python/computer_vision/HandGesturePresentationController/dataset_final/train/next/train_next_IMG_20251121_120714_jpg.rf.9fb371f2c2eea88903f5594a6b97f426_0_218_482_469.jpg
train,next,c:\Users\Lenovo\Documents\CODING\Python\computer_vision\HandGesturePresentationController\Dataset_roboflow\train\IMG_20251121_120721_jpg.rf.4eb1350a3e8a409db169b76a9c6b5940.jpg,34,237,428,402,c:/Users/Lenovo/Documents/CODING/Python/computer_vision/HandGesturePresentationController/dataset_final/train/next/train_next_IMG_20251121_120721_jpg.rf.4eb1350a3e8a409db169b76a9c6b5940_3_224_459_415.jpg
train,next,c:\Users\Lenovo\Documents\CODING\Python\computer_vision\HandGesturePresentationController\Dataset_roboflow\train\IMG_20251121_120721_jpg.rf.a146a039b7b4ea92af0dcf219b86a459.jpg,86,237,480,402,c:/Users/Lenovo/Documents/CODING/Python/computer_vision/HandGesturePresentationController/dataset_final/train/next/train_next_IMG_20251121_120721_jpg.rf.a146a039b7b4ea92af0dcf219b86a459_55_224_511_415.jpg
train,next,c:\Users\Lenovo\Documents\CODING\Python\computer_vision\HandGesturePresentationController\Dataset_roboflow\train\IMG_20251121_120721_jpg.rf.aa0f7ec3b15d4abbdd5f19000bf3d522.jpg,34,237,428,402,c:/Users/Lenovo/Documents/CODING/Python/computer_vision/HandGesturePresentationController/dataset_final/train/next/train_next_IMG_20251121_120721_jpg.rf.aa0f7ec3b15d4abbdd5f19000bf3d522_3_224_459_415.jpg
train,previous,c:\Users\Lenovo\Documents\CODING\Python\computer_vision\HandGesturePresentationController\Dataset_roboflow\train\IMG_20251121_120846_jpg.rf.0b6a766cbd9af86f0ba1810ff6e1385d.jpg,121,290,270,358,c:/Users/Lenovo/Documents/CODING/Python/computer_vision/HandGesturePresentationController/dataset_final/train/previous/train_previous_IMG_20251121_120846_jpg.rf.0b6a766cbd9af86f0ba1810ff6e1385d_110_285_281_363.jpg
train,previous,c:\Users\Lenovo\Documents\CODING\Python\computer_vision\HandGesturePresentationController\Dataset_roboflow\train\IMG_20251121_120846_jpg.rf.11d636a1b0203fa8840ae738959bb7d9.jpg,121,290,270,358,c:/Users/Lenovo/Documents/CODING/Python/computer_vision/HandGesturePresentationController/dataset_final/train/previous/train_previous_IMG_20251121_120846_jpg.rf.11d636a1b0203fa8840ae738959bb7d9_110_285_281_363.jpg
train,previous,c:\Users\Lenovo\Documents\CODING\Python\computer_vision\HandGesturePresentationController\Dataset_roboflow\train\IMG_20251121_120846_jpg.rf.ad2df0c565e3de47aa52700f2ee454c2.jpg,245,290,394,358,c:/Users/Lenovo/Documents/CODING/Python/computer_vision/HandGesturePresentationController/dataset_final/train/previous/train_previous_IMG_20251121_120846_jpg.rf.ad2df0c565e3de47aa52700f2ee454c2_234_285_405_363.jpg
train,previous,c:\Users\Lenovo\Documents\CODING\Python\computer_vision\HandGesturePresentationController\Dataset_roboflow\train\IMG_20251121_120905_jpg.rf.0ea03deeabfd07441b7eba3e82ec86b6.jpg,158,293,278,344,c:/Users/Lenovo/Documents/CODING/Python/computer_vision/HandGesturePresentationController/dataset_final/train/previous/train_previous_IMG_20251121_120905_jpg.rf.0ea03deeabfd07441b7eba3e82ec86b6_149_289_287_348.jpg
train,previous,c:\Users\Lenovo\Documents\CODING\Python\computer_vision\HandGesturePresentationController\Dataset_roboflow\train\IMG_20251121_120905_jpg.rf.73df2b6a69dcaa8d1b17f6f0c3066890.jpg,236,293,356,344,c:/Users/Lenovo/Documents/CODING/Python/computer_vision/HandGesturePresentationController/dataset_final/train/previous/train_previous_IMG_20251121_120905_jpg.rf.73df2b6a69dcaa8d1b17f6f0c3066890_227_289_365_348.jpg
train,previous,c:\Users\Lenovo\Documents\CODING\Python\computer_vision\HandGesturePresentationController\Dataset_roboflow\train\IMG_20251121_120905_jpg.rf.7c5c5548fcfb434840fe15b62c7dee33.jpg,158,293,278,344,c:/Users/Lenovo/Documents/CODING/Python/computer_vision/HandGesturePresentationController/dataset_final/train/previous/train_previous_IMG_20251121_120905_jpg.rf.7c5c5548fcfb434840fe15b62c7dee33_149_289_287_348.jpg
train,next,c:\Users\Lenovo\Documents\CODING\Python\computer_vision\HandGesturePresentationController\Dataset_roboflow\train\IMG_20251121_120926_jpg.rf.506b6e56390124c059fa2890e760242f.jpg,148,305,295,379,c:/Users/Lenovo/Documents/CODING/Python/computer_vision/HandGesturePresentationController/dataset_final/train/next/train_next_IMG_20251121_120926_jpg.rf.506b6e56390124c059fa2890e760242f_137_300_306_384.jpg
train,next,c:\Users\Lenovo\Documents\CODING\Python\computer_vision\HandGesturePresentationController\Dataset_roboflow\train\IMG_20251121_120926_jpg.rf.8ee40303cce0f5020454439dc69d5b45.jpg,148,305,295,379,c:/Users/Lenovo/Documents/CODING/Python/computer_vision/HandGesturePresentationController/dataset_final/train/next/train_next_IMG_20251121_120926_jpg.rf.8ee40303cce0f5020454439dc69d5b45_137_300_306_384.jpg
train,next,c:\Users\Lenovo\Documents\CODING\Python\computer_vision\HandGesturePresentationController\Dataset_roboflow\train\IMG_20251121_120926_jpg.rf.d3842fa24ade1b6e15b47341a3c0620a.jpg,219,305,366,379,c:/Users/Lenovo/Documents/CODING/Python/computer_vision/HandGesturePresentationController/dataset_final/train/next/train_next_IMG_20251121_120926_jpg.rf.d3842fa24ade1b6e15b47341a3c0620a_208_300_377_384.jpg
train,next,c:\Users\Lenovo\Documents\CODING\Python\computer_vision\HandGesturePresentationController\Dataset_roboflow\train\IMG_20251130_001943_jpg.rf.10e4f8c06adb942d774a82c3cffba2b7.jpg,180,287,403,441,c:/Users/Lenovo/Documents/CODING/Python/computer_vision/HandGesturePresentationController/dataset_final/train/next/train_next_IMG_20251130_001943_jpg.rf.10e4f8c06adb942d774a82c3cffba2b7_163_275_420_453.jpg
train,next,c:\Users\Lenovo\Documents\CODING\Python\computer_vision\HandGesturePresentationController\Dataset_roboflow\train\IMG_20251130_001943_jpg.rf.2276df4bed781e32eda8dd822213ddb0.jpg,180,287,403,441,c:/Users/Lenovo/Documents/CODING/Python/computer_vision/HandGesturePresentationController/dataset_final/train/next/train_next_IMG_20251130_001943_jpg.rf.2276df4bed781e32eda8dd822213ddb0_163_275_420_453.jpg
train,next,c:\Users\Lenovo\Documents\CODING\Python\computer_vision\HandGesturePresentationController\Dataset_roboflow\train\IMG_20251130_001943_jpg.rf.79092b6873049606f61437cf6b9b007d.jpg,180,287,403,441,c:/Users/Lenovo/Documents/CODING/Python/computer_vision/HandGesturePresentationController/dataset_final/train/next/train_next_IMG_20251130_001943_jpg.rf.79092b6873049606f61437cf6b9b007d_163_275_420_453.jpg
train,previous,c:\Users\Lenovo\Documents\CODING\Python\computer_vision\HandGesturePresentationController\Dataset_roboflow\train\IMG_20251130_001950_jpg.rf.8aeea278a4bcb507615ceb6f327a6109.jpg,233,334,426,440,c:/Users/Lenovo/Documents/CODING/Python/computer_vision/HandGesturePresentationController/dataset_final/train/previous/train_previous_IMG_20251130_001950_jpg.rf.8aeea278a4bcb507615ceb6f327a6109_218_326_441_448.jpg
train,previous,c:\Users\Lenovo\Documents\CODING\Python\computer_vision\HandGesturePresentationController\Dataset_roboflow\train\IMG_20251130_001950_jpg.rf.d210133a90bf33429da6a89b4b38c5b3.jpg,233,334,426,440,c:/Users/Lenovo/Documents/CODING/Python/computer_vision/HandGesturePresentationController/dataset_final/train/previous/train_previous_IMG_20251130_001950_jpg.rf.d210133a90bf33429da6a89b4b38c5b3_218_326_441_448.jpg
train,previous,c:\Users\Lenovo\Documents\CODING\Python\computer_vision\HandGesturePresentationController\Dataset_roboflow\train\IMG_20251130_001950_jpg.rf.d5d5cd9e4940dd371ecdd7f7071eda87.jpg,88,334,281,440,c:/Users/Lenovo/Documents/CODING/Python/computer_vision/HandGesturePresentationController/dataset_final/train/previous/train_previous_IMG_20251130_001950_jpg.rf.d5d5cd9e4940dd371ecdd7f7071eda87_73_326_296_448.jpg
train,previous,c:\Users\Lenovo\Documents\CODING\Python\computer_vision\HandGesturePresentationController\Dataset_roboflow\train\IMG_20251130_002000_jpg.rf.0620918d4dedb2b28167838ccbe5cfdd.jpg,333,298,442,373,c:/Users/Lenovo/Documents/CODING/Python/computer_vision/HandGesturePresentationController/dataset_final/train/previous/train_previous_IMG_20251130_002000_jpg.rf.0620918d4dedb2b28167838ccbe5cfdd_325_292_450_379.jpg
train,previous,c:\Users\Lenovo\Documents\CODING\Python\computer_vision\HandGesturePresentationController\Dataset_roboflow\train\IMG_20251130_002000_jpg.rf.3eefeaab64093d1af5866ae302b74fbb.jpg,333,298,442,373,c:/Users/Lenovo/Documents/CODING/Python/computer_vision/HandGesturePresentationController/dataset_final/train/previous/train_previous_IMG_20251130_002000_jpg.rf.3eefeaab64093d1af5866ae302b74fbb_325_292_450_379.jpg
train,previous,c:\Users\Lenovo\Documents\CODING\Python\computer_vision\HandGesturePresentationController\Dataset_roboflow\train\IMG_20251130_002000_jpg.rf.85bfea3258eb897c286f37ca36e5ed5d.jpg,73,298,182,373,c:/Users/Lenovo/Documents/CODING/Python/computer_vision/HandGesturePresentationController/dataset_final/train/previous/train_previous_IMG_20251130_002000_jpg.rf.85bfea3258eb897c286f37ca36e5ed5d_65_292_190_379.jpg
train,next,c:\Users\Lenovo\Documents\CODING\Python\computer_vision\HandGesturePresentationController\Dataset_roboflow\train\IMG_20251130_002010_jpg.rf.3925a52a666c15e576c7665355ce6b60.jpg,102,350,260,479,c:/Users/Lenovo/Documents/CODING/Python/computer_vision/HandGesturePresentationController/dataset_final/train/next/train_next_IMG_20251130_002010_jpg.rf.3925a52a666c15e576c7665355ce6b60_90_340_272_489.jpg
train,next,c:\Users\Lenovo\Documents\CODING\Python\computer_vision\HandGesturePresentationController\Dataset_roboflow\train\IMG_20251130_002010_jpg.rf.890c49ffaa051174aa971db88f09126e.jpg,254,350,412,479,c:/Users/Lenovo/Documents/CODING/Python/computer_vision/HandGesturePresentationController/dataset_final/train/next/train_next_IMG_20251130_002010_jpg.rf.890c49ffaa051174aa971db88f09126e_242_340_424_489.jpg
train,next,c:\Users\Lenovo\Documents\CODING\Python\computer_vision\HandGesturePresentationController\Dataset_roboflow\train\IMG_20251130_002010_jpg.rf.c96bacd7a9c957452a07293c8288e343.jpg,102,350,260,479,c:/Users/Lenovo/Documents/CODING/Python/computer_vision/HandGesturePresentationController/dataset_final/train/next/train_next_IMG_20251130_002010_jpg.rf.c96bacd7a9c957452a07293c8288e343_90_340_272_489.jpg
train,previous,c:\Users\Lenovo\Documents\CODING\Python\computer_vision\HandGesturePresentationController\Dataset_roboflow\train\IMG_20251130_002108_jpg.rf.0671b3b467d5d6024525bbbe52ff6922.jpg,159,236,314,343,c:/Users/Lenovo/Documents/CODING/Python/computer_vision/HandGesturePresentationController/dataset_final/train/previous/train_previous_IMG_20251130_002108_jpg.rf.0671b3b467d5d6024525bbbe52ff6922_147_228_326_351.jpg
train,previous,c:\Users\Lenovo\Documents\CODING\Python\computer_vision\HandGesturePresentationController\Dataset_roboflow\train\IMG_20251130_002108_jpg.rf.3953a1f6a90d8c346bc736e3fbcdc55d.jpg,159,236,314,343,c:/Users/Lenovo/Documents/CODING/Python/computer_vision/HandGesturePresentationController/dataset_final/train/previous/train_previous_IMG_20251130_002108_jpg.rf.3953a1f6a90d8c346bc736e3fbcdc55d_147_228_326_351.jpg
train,previous,c:\Users\Lenovo\Documents\CODING\Python\computer_vision\HandGesturePresentationController\Dataset_roboflow\train\IMG_20251130_002108_jpg.rf.f906ef9a0b19db743c4f78e1f8e6b66b.jpg,201,236,356,343,c:/Users/Lenovo/Documents/CODING/Python/computer_vision/HandGesturePresentationController/dataset_final/train/previous/train_previous_IMG_20251130_002108_jpg.rf.f906ef9a0b19db743c4f78e1f8e6b66b_189_228_368_351.jpg
train,next,c:\Users\Lenovo\Documents\CODING\Python\computer_vision\HandGesturePresentationController\Dataset_roboflow\train\IMG_20251130_083222_jpg.rf.34ce7f25fc27bf7eeee1c712dac2bbc2.jpg,248,246,321,301,c:/Users/Lenovo/Documents/CODING/Python/computer_vision/HandGesturePresentationController/dataset_final/train/next/train_next_IMG_20251130_083222_jpg.rf.34ce7f25fc27bf7eeee1c712dac2bbc2_243_242_326_305.jpg
train,next,c:\Users\Lenovo\Documents\CODING\Python\computer_vision\HandGesturePresentationController\Dataset_roboflow\train\IMG_20251130_083222_jpg.rf.b11a34c599708b348c9c2af71cc001b9.jpg,248,246,321,301,c:/Users/Lenovo/Documents/CODING/Python/computer_vision/HandGesturePresentationController/dataset_final/train/next/train_next_IMG_20251130_083222_jpg.rf.b11a34c599708b348c9c2af71cc001b9_243_242_326_305.jpg
train,next,c:\Users\Lenovo\Documents\CODING\Python\computer_vision\HandGesturePresentationController\Dataset_roboflow\train\IMG_20251130_083222_jpg.rf.b9c0232b286cede1ee53b181a03ff4c2.jpg,248,246,321,301,c:/Users/Lenovo/Documents/CODING/Python/computer_vision/HandGesturePresentationController/dataset_final/train/next/train_next_IMG_20251130_083222_jpg.rf.b9c0232b286cede1ee53b181a03ff4c2_243_242_326_305.jpg
train,next,c:\Users\Lenovo\Documents\CODING\Python\computer_vision\HandGesturePresentationController\Dataset_roboflow\train\IMG_20251130_083233_jpg.rf.639f067a8ff98c423a7923d1f7adcb21.jpg,174,193,236,256,c:/Users/Lenovo/Documents/CODING/Python/computer_vision/HandGesturePresentationController/dataset_final/train/next/train_next_IMG_20251130_083233_jpg.rf.639f067a8ff98c423a7923d1f7adcb21_170_188_240_261.jpg
train,next,c:\Users\Lenovo\Documents\CODING\Python\computer_vision\HandGesturePresentationController\Dataset_roboflow\train\IMG_20251130_083233_jpg.rf.cc0dbcebc50b1dc873191723ed6dfbd6.jpg,174,193,236,256,c:/Users/Lenovo/Documents/CODING/Python/computer_vision/HandGesturePresentationController/dataset_final/train/next/train_next_IMG_20251130_083233_jpg.rf.cc0dbcebc50b1dc873191723ed6dfbd6_170_188_240_261.jpg
train,next,c:\Users\Lenovo\Documents\CODING\Python\computer_vision\HandGesturePresentationController\Dataset_roboflow\train\IMG_20251130_083233_jpg.rf.ce13a291290b8ebc2c419c43b8b5f314.jpg,174,193,236,256,c:/Users/Lenovo/Documents/CODING/Python/computer_vision/HandGesturePresentationController/dataset_final/train/next/train_next_IMG_20251130_083233_jpg.rf.ce13a291290b8ebc2c419c43b8b5f314_170_188_240_261.jpg
train,previous,c:\Users\Lenovo\Documents\CODING\Python\computer_vision\HandGesturePresentationController\Dataset_roboflow\train\IMG_20251130_083238_jpg.rf.332a2a5d6c64bcd679db8db088f67119.jpg,167,214,229,254,c:/Users/Lenovo/Documents/CODING/Python/computer_vision/HandGesturePresentationController/dataset_final/train/previous/train_previous_IMG_20251130_083238_jpg.rf.332a2a5d6c64bcd679db8db088f67119_163_211_233_257.jpg
train,previous,c:\Users\Lenovo\Documents\CODING\Python\computer_vision\HandGesturePresentationController\Dataset_roboflow\train\IMG_20251130_083238_jpg.rf.43c11cea44c7d2b1a4fe507bdd700e71.jpg,167,214,229,254,c:/Users/Lenovo/Documents/CODING/Python/computer_vision/HandGesturePresentationController/dataset_final/train/previous/train_previous_IMG_20251130_083238_jpg.rf.43c11cea44c7d2b1a4fe507bdd700e71_163_211_233_257.jpg
train,previous,c:\Users\Lenovo\Documents\CODING\Python\computer_vision\HandGesturePresentationController\Dataset_roboflow\train\IMG_20251130_083238_jpg.rf.9b6ab4b3cd58adf4342ac0c4ace3680d.jpg,285,214,347,254,c:/Users/Lenovo/Documents/CODING/Python/computer_vision/HandGesturePresentationController/dataset_final/train/previous/train_previous_IMG_20251130_083238_jpg.rf.9b6ab4b3cd58adf4342ac0c4ace3680d_281_211_351_257.jpg
train,next,c:\Users\Lenovo\Documents\CODING\Python\computer_vision\HandGesturePresentationController\Dataset_roboflow\train\IMG_20251201_141729_jpg.rf.79bc1d08ac71ed4fe6b6875fd311888d.jpg,1,239,389,513,c:/Users/Lenovo/Documents/CODING/Python/computer_vision/HandGesturePresentationController/dataset_final/train/next/train_next_IMG_20251201_141729_jpg.rf.79bc1d08ac71ed4fe6b6875fd311888d_0_218_420_512.jpg
train,next,c:\Users\Lenovo\Documents\CODING\Python\computer_vision\HandGesturePresentationController\Dataset_roboflow\train\IMG_20251201_141729_jpg.rf.c41b3e4f0dbba93271f99f56805c49f1.jpg,1,239,389,513,c:/Users/Lenovo/Documents/CODING/Python/computer_vision/HandGesturePresentationController/dataset_final/train/next/train_next_IMG_20251201_141729_jpg.rf.c41b3e4f0dbba93271f99f56805c49f1_0_218_420_512.jpg
train,next,c:\Users\Lenovo\Documents\CODING\Python\computer_vision\HandGesturePresentationController\Dataset_roboflow\train\IMG_20251201_141729_jpg.rf.ed1152484c2fe73a26cd78c16c9063f7.jpg,125,239,513,513,c:/Users/Lenovo/Documents/CODING/Python/computer_vision/HandGesturePresentationController/dataset_final/train/next/train_next_IMG_20251201_141729_jpg.rf.ed1152484c2fe73a26cd78c16c9063f7_94_218_512_512.jpg
train,next,c:\Users\Lenovo\Documents\CODING\Python\computer_vision\HandGesturePresentationController\Dataset_roboflow\train\IMG_20251201_141905_jpg.rf.5a4ca592e64a2a33c2cf2b06a9e768f6.jpg,149,333,305,438,c:/Users/Lenovo/Documents/CODING/Python/computer_vision/HandGesturePresentationController/dataset_final/train/next/train_next_IMG_20251201_141905_jpg.rf.5a4ca592e64a2a33c2cf2b06a9e768f6_137_325_317_446.jpg
train,next,c:\Users\Lenovo\Documents\CODING\Python\computer_vision\HandGesturePresentationController\Dataset_roboflow\train\IMG_20251201_141905_jpg.rf.89c04eadb6e9470ddc6fd02b93befaf5.jpg,210,333,366,438,c:/Users/Lenovo/Documents/CODING/Python/computer_vision/HandGesturePresentationController/dataset_final/train/next/train_next_IMG_20251201_141905_jpg.rf.89c04eadb6e9470ddc6fd02b93befaf5_198_325_378_446.jpg
train,next,c:\Users\Lenovo\Documents\CODING\Python\computer_vision\HandGesturePresentationController\Dataset_roboflow\train\IMG_20251201_141905_jpg.rf.f7c9a8788a62eecb7b3cf1b1cb751113.jpg,149,333,305,438,c:/Users/Lenovo/Documents/CODING/Python/computer_vision/HandGesturePresentationController/dataset_final/train/next/train_next_IMG_20251201_141905_jpg.rf.f7c9a8788a62eecb7b3cf1b1cb751113_137_325_317_446.jpg
train,previous,c:\Users\Lenovo\Documents\CODING\Python\computer_vision\HandGesturePresentationController\Dataset_roboflow\train\IMG_20251201_141928_jpg.rf.0f150b77ba14d338fa165fa0ba6246e2.jpg,205,322,336,418,c:/Users/Lenovo/Documents/CODING/Python/computer_vision/HandGesturePresentationController/dataset_final/train/previous/train_previous_IMG_20251201_141928_jpg.rf.0f150b77ba14d338fa165fa0ba6246e2_195_315_346_425.jpg
train,previous,c:\Users\Lenovo\Documents\CODING\Python\computer_vision\HandGesturePresentationController\Dataset_roboflow\train\IMG_20251201_141928_jpg.rf.58fea94415e2c1fb9da9a32593e58c8f.jpg,179,322,310,418,c:/Users/Lenovo/Documents/CODING/Python/computer_vision/HandGesturePresentationController/dataset_final/train/previous/train_previous_IMG_20251201_141928_jpg.rf.58fea94415e2c1fb9da9a32593e58c8f_169_315_320_425.jpg
train,previous,c:\Users\Lenovo\Documents\CODING\Python\computer_vision\HandGesturePresentationController\Dataset_roboflow\train\IMG_20251201_141928_jpg.rf.f3376f8afb3142df6756a310608fde88.jpg,205,322,336,418,c:/Users/Lenovo/Documents/CODING/Python/computer_vision/HandGesturePresentationController/dataset_final/train/previous/train_previous_IMG_20251201_141928_jpg.rf.f3376f8afb3142df6756a310608fde88_195_315_346_425.jpg
train,next,c:\Users\Lenovo\Documents\CODING\Python\computer_vision\HandGesturePresentationController\Dataset_roboflow\train\IMG_20251201_142041_jpg.rf.08416aceea6f98560810f4b365a289bd.jpg,152,303,301,402,c:/Users/Lenovo/Documents/CODING/Python/computer_vision/HandGesturePresentationController/dataset_final/train/next/train_next_IMG_20251201_142041_jpg.rf.08416aceea6f98560810f4b365a289bd_141_296_312_409.jpg
train,next,c:\Users\Lenovo\Documents\CODING\Python\computer_vision\HandGesturePresentationController\Dataset_roboflow\train\IMG_20251201_142041_jpg.rf.827c491ee4b092adec01a33e1e97d478.jpg,152,303,301,402,c:/Users/Lenovo/Documents/CODING/Python/computer_vision/HandGesturePresentationController/dataset_final/train/next/train_next_IMG_20251201_142041_jpg.rf.827c491ee4b092adec01a33e1e97d478_141_296_312_409.jpg
train,next,c:\Users\Lenovo\Documents\CODING\Python\computer_vision\HandGesturePresentationController\Dataset_roboflow\train\IMG_20251201_142041_jpg.rf.d4eb51d36856195106e2651a5119254a.jpg,152,303,301,402,c:/Users/Lenovo/Documents/CODING/Python/computer_vision/HandGesturePresentationController/dataset_final/train/next/train_next_IMG_20251201_142041_jpg.rf.d4eb51d36856195106e2651a5119254a_141_296_312_409.jpg
train,previous,c:\Users\Lenovo\Documents\CODING\Python\computer_vision\HandGesturePresentationController\Dataset_roboflow\train\IMG_20251201_142053_jpg.rf.21582eafe1fd4a7ade88f4fd3a6185e3.jpg,228,327,351,414,c:/Users/Lenovo/Documents/CODING/Python/computer_vision/HandGesturePresentationController/dataset_final/train/previous/train_previous_IMG_20251201_142053_jpg.rf.21582eafe1fd4a7ade88f4fd3a6185e3_219_321_360_420.jpg
train,previous,c:\Users\Lenovo\Documents\CODING\Python\computer_vision\HandGesturePresentationController\Dataset_roboflow\train\IMG_20251201_142053_jpg.rf.2a08317f7189a5d9bd19fef91134d1ef.jpg,228,327,351,414,c:/Users/Lenovo/Documents/CODING/Python/computer_vision/HandGesturePresentationController/dataset_final/train/previous/train_previous_IMG_20251201_142053_jpg.rf.2a08317f7189a5d9bd19fef91134d1ef_219_321_360_420.jpg
train,previous,c:\Users\Lenovo\Documents\CODING\Python\computer_vision\HandGesturePresentationController\Dataset_roboflow\train\IMG_20251201_142053_jpg.rf.aa909f26793e292de3ed405aac2c87ff.jpg,163,327,286,414,c:/Users/Lenovo/Documents/CODING/Python/computer_vision/HandGesturePresentationController/dataset_final/train/previous/train_previous_IMG_20251201_142053_jpg.rf.aa909f26793e292de3ed405aac2c87ff_154_321_295_420.jpg
train,previous,c:\Users\Lenovo\Documents\CODING\Python\computer_vision\HandGesturePresentationController\Dataset_roboflow\train\IMG_20251201_142246_jpg.rf.0f1a36bcce5e94f78df895b4d1cd8f32.jpg,134,334,271,438,c:/Users/Lenovo/Documents/CODING/Python/computer_vision/HandGesturePresentationController/dataset_final/train/previous/train_previous_IMG_20251201_142246_jpg.rf.0f1a36bcce5e94f78df895b4d1cd8f32_124_326_281_446.jpg
train,previous,c:\Users\Lenovo\Documents\CODING\Python\computer_vision\HandGesturePresentationController\Dataset_roboflow\train\IMG_20251201_142246_jpg.rf.39c89c37d5212217ddbe9f0fab43575b.jpg,243,334,380,438,c:/Users/Lenovo/Documents/CODING/Python/computer_vision/HandGesturePresentationController/dataset_final/train/previous/train_previous_IMG_20251201_142246_jpg.rf.39c89c37d5212217ddbe9f0fab43575b_233_326_390_446.jpg
train,previous,c:\Users\Lenovo\Documents\CODING\Python\computer_vision\HandGesturePresentationController\Dataset_roboflow\train\IMG_20251201_142246_jpg.rf.b5c273e0960a0fe05404b8428be5892e.jpg,134,334,271,438,c:/Users/Lenovo/Documents/CODING/Python/computer_vision/HandGesturePresentationController/dataset_final/train/previous/train_previous_IMG_20251201_142246_jpg.rf.b5c273e0960a0fe05404b8428be5892e_124_326_281_446.jpg
train,previous,c:\Users\Lenovo\Documents\CODING\Python\computer_vision\HandGesturePresentationController\Dataset_roboflow\train\IMG_20251201_142259_jpg.rf.8977a176040403f2fdf31f0b27207732.jpg,201,342,327,426,c:/Users/Lenovo/Documents/CODING/Python/computer_vision/HandGesturePresentationController/dataset_final/train/previous/train_previous_IMG_20251201_142259_jpg.rf.8977a176040403f2fdf31f0b27207732_191_336_337_432.jpg
train,previous,c:\Users\Lenovo\Documents\CODING\Python\computer_vision\HandGesturePresentationController\Dataset_roboflow\train\IMG_20251201_142259_jpg.rf.b55cac9ce66b6910f48f1195b50f6244.jpg,188,342,314,426,c:/Users/Lenovo/Documents/CODING/Python/computer_vision/HandGesturePresentationController/dataset_final/train/previous/train_previous_IMG_20251201_142259_jpg.rf.b55cac9ce66b6910f48f1195b50f6244_178_336_324_432.jpg
train,previous,c:\Users\Lenovo\Documents\CODING\Python\computer_vision\HandGesturePresentationController\Dataset_roboflow\train\IMG_20251201_142259_jpg.rf.f5b147de25b631d985bb99d39b5df5df.jpg,188,342,314,426,c:/Users/Lenovo/Documents/CODING/Python/computer_vision/HandGesturePresentationController/dataset_final/train/previous/train_previous_IMG_20251201_142259_jpg.rf.f5b147de25b631d985bb99d39b5df5df_178_336_324_432.jpg
train,next,c:\Users\Lenovo\Documents\CODING\Python\computer_vision\HandGesturePresentationController\Dataset_roboflow\train\IMG_20251201_165845_jpg.rf.50454a2de52112f8d3cf4b7dead0efc0.jpg,140,224,361,350,c:/Users/Lenovo/Documents/CODING/Python/computer_vision/HandGesturePresentationController/dataset_final/train/next/train_next_IMG_20251201_165845_jpg.rf.50454a2de52112f8d3cf4b7dead0efc0_123_214_378_360.jpg
train,next,c:\Users\Lenovo\Documents\CODING\Python\computer_vision\HandGesturePresentationController\Dataset_roboflow\train\IMG_20251201_165845_jpg.rf.a8f356a75422275bc569689b51569d32.jpg,153,224,374,350,c:/Users/Lenovo/Documents/CODING/Python/computer_vision/HandGesturePresentationController/dataset_final/train/next/train_next_IMG_20251201_165845_jpg.rf.a8f356a75422275bc569689b51569d32_136_214_391_360.jpg
train,next,c:\Users\Lenovo\Documents\CODING\Python\computer_vision\HandGesturePresentationController\Dataset_roboflow\train\IMG_20251201_165845_jpg.rf.edec2c7df7cabb0e93b4adee6f7b2c8a.jpg,140,224,361,350,c:/Users/Lenovo/Documents/CODING/Python/computer_vision/HandGesturePresentationController/dataset_final/train/next/train_next_IMG_20251201_165845_jpg.rf.edec2c7df7cabb0e93b4adee6f7b2c8a_123_214_378_360.jpg
train,next,c:\Users\Lenovo\Documents\CODING\Python\computer_vision\HandGesturePresentationController\Dataset_roboflow\train\IMG_20251201_165848_jpg.rf.4016cf2a934e397ad11cc3bfc38b53ee.jpg,20,305,224,412,c:/Users/Lenovo/Documents/CODING/Python/computer_vision/HandGesturePresentationController/dataset_final/train/next/train_next_IMG_20251201_165848_jpg.rf.4016cf2a934e397ad11cc3bfc38b53ee_4_297_240_420.jpg
train,next,c:\Users\Lenovo\Documents\CODING\Python\computer_vision\HandGesturePresentationController\Dataset_roboflow\train\IMG_20251201_165848_jpg.rf.9a25eb3c41dcae10d56f6842667cda3f.jpg,290,305,494,412,c:/Users/Lenovo/Documents/CODING/Python/computer_vision/HandGesturePresentationController/dataset_final/train/next/train_next_IMG_20251201_165848_jpg.rf.9a25eb3c41dcae10d56f6842667cda3f_274_297_510_420.jpg
train,next,c:\Users\Lenovo\Documents\CODING\Python\computer_vision\HandGesturePresentationController\Dataset_roboflow\train\IMG_20251201_165848_jpg.rf.c61f4dc35e96768189bb8f58b84642e2.jpg,290,305,494,412,c:/Users/Lenovo/Documents/CODING/Python/computer_vision/HandGesturePresentationController/dataset_final/train/next/train_next_IMG_20251201_165848_jpg.rf.c61f4dc35e96768189bb8f58b84642e2_274_297_510_420.jpg
train,next,c:\Users\Lenovo\Documents\CODING\Python\computer_vision\HandGesturePresentationController\Dataset_roboflow\train\IMG_20251201_165853_jpg.rf.3149e34d176b3571f0f9b84008689dea.jpg,133,147,369,279,c:/Users/Lenovo/Documents/CODING/Python/computer_vision/HandGesturePresentationController/dataset_final/train/next/train_next_IMG_20251201_165853_jpg.rf.3149e34d176b3571f0f9b84008689dea_115_137_387_289.jpg
train,next,c:\Users\Lenovo\Documents\CODING\Python\computer_vision\HandGesturePresentationController\Dataset_roboflow\train\IMG_20251201_165853_jpg.rf.ba01c27819a7237b56b7b7538e060719.jpg,146,147,382,279,c:/Users/Lenovo/Documents/CODING/Python/computer_vision/HandGesturePresentationController/dataset_final/train/next/train_next_IMG_20251201_165853_jpg.rf.ba01c27819a7237b56b7b7538e060719_128_137_400_289.jpg
train,next,c:\Users\Lenovo\Documents\CODING\Python\computer_vision\HandGesturePresentationController\Dataset_roboflow\train\IMG_20251201_165853_jpg.rf.c58fda535ae688550598131907fd95e6.jpg,146,147,382,279,c:/Users/Lenovo/Documents/CODING/Python/computer_vision/HandGesturePresentationController/dataset_final/train/next/train_next_IMG_20251201_165853_jpg.rf.c58fda535ae688550598131907fd95e6_128_137_400_289.jpg
train,previous,c:\Users\Lenovo\Documents\CODING\Python\computer_vision\HandGesturePresentationController\Dataset_roboflow\train\IMG_20251201_165920_jpg.rf.769266dc683f1783ea4f71e7e46bf1ba.jpg,142,193,310,295,c:/Users/Lenovo/Documents/CODING/Python/computer_vision/HandGesturePresentationController/dataset_final/train/previous/train_previous_IMG_20251201_165920_jpg.rf.769266dc683f1783ea4f71e7e46bf1ba_129_185_323_303.jpg
train,previous,c:\Users\Lenovo\Documents\CODING\Python\computer_vision\HandGesturePresentationController\Dataset_roboflow\train\IMG_20251201_165920_jpg.rf.cf5b08ad8567852c9f824042276bcbcc.jpg,142,193,310,295,c:/Users/Lenovo/Documents/CODING/Python/computer_vision/HandGesturePresentationController/dataset_final/train/previous/train_previous_IMG_20251201_165920_jpg.rf.cf5b08ad8567852c9f824042276bcbcc_129_185_323_303.jpg
train,previous,c:\Users\Lenovo\Documents\CODING\Python\computer_vision\HandGesturePresentationController\Dataset_roboflow\train\IMG_20251201_165920_jpg.rf.dbc07add9b884ae3ec96a36683ce98c5.jpg,142,193,310,295,c:/Users/Lenovo/Documents/CODING/Python/computer_vision/HandGesturePresentationController/dataset_final/train/previous/train_previous_IMG_20251201_165920_jpg.rf.dbc07add9b884ae3ec96a36683ce98c5_129_185_323_303.jpg
train,previous,c:\Users\Lenovo\Documents\CODING\Python\computer_vision\HandGesturePresentationController\Dataset_roboflow\train\IMG_20251201_165923_jpg.rf.3b13e9167c089ecb8cd7618330da413a.jpg,58,116,234,202,c:/Users/Lenovo/Documents/CODING/Python/computer_vision/HandGesturePresentationController/dataset_final/train/previous/train_previous_IMG_20251201_165923_jpg.rf.3b13e9167c089ecb8cd7618330da413a_44_110_248_208.jpg
train,previous,c:\Users\Lenovo\Documents\CODING\Python\computer_vision\HandGesturePresentationController\Dataset_roboflow\train\IMG_20251201_165923_jpg.rf.a0490b952b0d9d37c08301d629a62aa6.jpg,58,116,234,202,c:/Users/Lenovo/Documents/CODING/Python/computer_vision/HandGesturePresentationController/dataset_final/train/previous/train_previous_IMG_20251201_165923_jpg.rf.a0490b952b0d9d37c08301d629a62aa6_44_110_248_208.jpg
train,previous,c:\Users\Lenovo\Documents\CODING\Python\computer_vision\HandGesturePresentationController\Dataset_roboflow\train\IMG_20251201_165923_jpg.rf.f3daf307a86203df07c9cc2416a5112f.jpg,280,116,456,202,c:/Users/Lenovo/Documents/CODING/Python/computer_vision/HandGesturePresentationController/dataset_final/train/previous/train_previous_IMG_20251201_165923_jpg.rf.f3daf307a86203df07c9cc2416a5112f_266_110_470_208.jpg
train,previous,c:\Users\Lenovo\Documents\CODING\Python\computer_vision\HandGesturePresentationController\Dataset_roboflow\train\IMG_20251201_165942_jpg.rf.2b299e1f5b65d0377724cf5224ae18b0.jpg,228,123,431,217,c:/Users/Lenovo/Documents/CODING/Python/computer_vision/HandGesturePresentationController/dataset_final/train/previous/train_previous_IMG_20251201_165942_jpg.rf.2b299e1f5b65d0377724cf5224ae18b0_212_116_447_224.jpg
train,previous,c:\Users\Lenovo\Documents\CODING\Python\computer_vision\HandGesturePresentationController\Dataset_roboflow\train\IMG_20251201_165942_jpg.rf.583933f7995f15d37173c557a1ac5fc8.jpg,83,123,286,217,c:/Users/Lenovo/Documents/CODING/Python/computer_vision/HandGesturePresentationController/dataset_final/train/previous/train_previous_IMG_20251201_165942_jpg.rf.583933f7995f15d37173c557a1ac5fc8_67_116_302_224.jpg
train,previous,c:\Users\Lenovo\Documents\CODING\Python\computer_vision\HandGesturePresentationController\Dataset_roboflow\train\IMG_20251201_165942_jpg.rf.e83ebf0e05a9559247a75fc61be875de.jpg,228,123,431,217,c:/Users/Lenovo/Documents/CODING/Python/computer_vision/HandGesturePresentationController/dataset_final/train/previous/train_previous_IMG_20251201_165942_jpg.rf.e83ebf0e05a9559247a75fc61be875de_212_116_447_224.jpg
train,previous,c:\Users\Lenovo\Documents\CODING\Python\computer_vision\HandGesturePresentationController\Dataset_roboflow\train\IMG_20251201_165946_jpg.rf.1a220c44ac47661dce4e1cca3f4b7b74.jpg,47,189,206,262,c:/Users/Lenovo/Documents/CODING/Python/computer_vision/HandGesturePresentationController/dataset_final/train/previous/train_previous_IMG_20251201_165946_jpg.rf.1a220c44ac47661dce4e1cca3f4b7b74_35_184_218_267.jpg
train,previous,c:\Users\Lenovo\Documents\CODING\Python\computer_vision\HandGesturePresentationController\Dataset_roboflow\train\IMG_20251201_165946_jpg.rf.423c64f6ed3c76fd7a488816b1a9f264.jpg,47,189,206,262,c:/Users/Lenovo/Documents/CODING/Python/computer_vision/HandGesturePresentationController/dataset_final/train/previous/train_previous_IMG_20251201_165946_jpg.rf.423c64f6ed3c76fd7a488816b1a9f264_35_184_218_267.jpg
train,previous,c:\Users\Lenovo\Documents\CODING\Python\computer_vision\HandGesturePresentationController\Dataset_roboflow\train\IMG_20251201_165946_jpg.rf.e68a17ca6354affc56b9aaadb5518c40.jpg,47,189,206,262,c:/Users/Lenovo/Documents/CODING/Python/computer_vision/HandGesturePresentationController/dataset_final/train/previous/train_previous_IMG_20251201_165946_jpg.rf.e68a17ca6354affc56b9aaadb5518c40_35_184_218_267.jpg
train,next,c:\Users\Lenovo\Documents\CODING\Python\computer_vision\HandGesturePresentationController\Dataset_roboflow\train\IMG_20251201_170004_1_jpg.rf.4cb9feb67f6bd6d2b81b595601d1c6d5.jpg,93,159,167,203,c:/Users/Lenovo/Documents/CODING/Python/computer_vision/HandGesturePresentationController/dataset_final/train/next/train_next_IMG_20251201_170004_1_jpg.rf.4cb9feb67f6bd6d2b81b595601d1c6d5_88_156_172_206.jpg
train,next,c:\Users\Lenovo\Documents\CODING\Python\computer_vision\HandGesturePresentationController\Dataset_roboflow\train\IMG_20251201_170004_1_jpg.rf.57e214c2511dbd7d2fcfb0b13e09332b.jpg,93,159,167,203,c:/Users/Lenovo/Documents/CODING/Python/computer_vision/HandGesturePresentationController/dataset_final/train/next/train_next_IMG_20251201_170004_1_jpg.rf.57e214c2511dbd7d2fcfb0b13e09332b_88_156_172_206.jpg
train,next,c:\Users\Lenovo\Documents\CODING\Python\computer_vision\HandGesturePresentationController\Dataset_roboflow\train\IMG_20251201_170004_1_jpg.rf.eb567c5843a81649412191f41460ca62.jpg,348,159,422,203,c:/Users/Lenovo/Documents/CODING/Python/computer_vision/HandGesturePresentationController/dataset_final/train/next/train_next_IMG_20251201_170004_1_jpg.rf.eb567c5843a81649412191f41460ca62_343_156_427_206.jpg
train,next,c:\Users\Lenovo\Documents\CODING\Python\computer_vision\HandGesturePresentationController\Dataset_roboflow\train\IMG_20251201_170004_jpg.rf.49d7c06eadb024109d9f7bbdba1cf133.jpg,342,153,431,202,c:/Users/Lenovo/Documents/CODING/Python/computer_vision/HandGesturePresentationController/dataset_final/train/next/train_next_IMG_20251201_170004_jpg.rf.49d7c06eadb024109d9f7bbdba1cf133_335_150_438_205.jpg
train,next,c:\Users\Lenovo\Documents\CODING\Python\computer_vision\HandGesturePresentationController\Dataset_roboflow\train\IMG_20251201_170004_jpg.rf.5507dc004643d56bfcbebcd5b1e0050c.jpg,342,153,431,202,c:/Users/Lenovo/Documents/CODING/Python/computer_vision/HandGesturePresentationController/dataset_final/train/next/train_next_IMG_20251201_170004_jpg.rf.5507dc004643d56bfcbebcd5b1e0050c_335_150_438_205.jpg
train,next,c:\Users\Lenovo\Documents\CODING\Python\computer_vision\HandGesturePresentationController\Dataset_roboflow\train\IMG_20251201_170004_jpg.rf.a649e05cce7a2bf2d04788c869fb08db.jpg,342,153,431,202,c:/Users/Lenovo/Documents/CODING/Python/computer_vision/HandGesturePresentationController/dataset_final/train/next/train_next_IMG_20251201_170004_jpg.rf.a649e05cce7a2bf2d04788c869fb08db_335_150_438_205.jpg
train,next,c:\Users\Lenovo\Documents\CODING\Python\computer_vision\HandGesturePresentationController\Dataset_roboflow\train\IMG_20251201_170012_jpg.rf.74c3ecf9119418145d8aa83cc4f823ae.jpg,107,263,196,302,c:/Users/Lenovo/Documents/CODING/Python/computer_vision/HandGesturePresentationController/dataset_final/train/next/train_next_IMG_20251201_170012_jpg.rf.74c3ecf9119418145d8aa83cc4f823ae_100_260_203_305.jpg
train,next,c:\Users\Lenovo\Documents\CODING\Python\computer_vision\HandGesturePresentationController\Dataset_roboflow\train\IMG_20251201_170012_jpg.rf.a13b5e836b6ce3646c6269b72d533948.jpg,107,263,196,302,c:/Users/Lenovo/Documents/CODING/Python/computer_vision/HandGesturePresentationController/dataset_final/train/next/train_next_IMG_20251201_170012_jpg.rf.a13b5e836b6ce3646c6269b72d533948_100_260_203_305.jpg
train,next,c:\Users\Lenovo\Documents\CODING\Python\computer_vision\HandGesturePresentationController\Dataset_roboflow\train\IMG_20251201_170012_jpg.rf.f174bf4769a4b9c11a4302f354ebe29d.jpg,318,263,407,302,c:/Users/Lenovo/Documents/CODING/Python/computer_vision/HandGesturePresentationController/dataset_final/train/next/train_next_IMG_20251201_170012_jpg.rf.f174bf4769a4b9c11a4302f354ebe29d_311_260_414_305.jpg
train,previous,c:\Users\Lenovo\Documents\CODING\Python\computer_vision\HandGesturePresentationController\Dataset_roboflow\train\IMG_20251201_170029_jpg.rf.89566af1b0ccd9ec86048aab8fe55b6b.jpg,278,169,347,209,c:/Users/Lenovo/Documents/CODING/Python/computer_vision/HandGesturePresentationController/dataset_final/train/previous/train_previous_IMG_20251201_170029_jpg.rf.89566af1b0ccd9ec86048aab8fe55b6b_273_166_352_212.jpg
train,previous,c:\Users\Lenovo\Documents\CODING\Python\computer_vision\HandGesturePresentationController\Dataset_roboflow\train\IMG_20251201_170029_jpg.rf.b8ffce92441e3b693a4122eb66efd996.jpg,278,169,347,209,c:/Users/Lenovo/Documents/CODING/Python/computer_vision/HandGesturePresentationController/dataset_final/train/previous/train_previous_IMG_20251201_170029_jpg.rf.b8ffce92441e3b693a4122eb66efd996_273_166_352_212.jpg
train,previous,c:\Users\Lenovo\Documents\CODING\Python\computer_vision\HandGesturePresentationController\Dataset_roboflow\train\IMG_20251201_170029_jpg.rf.f30b0f51a50f3958f1ed86f7ceae092b.jpg,167,169,236,209,c:/Users/Lenovo/Documents/CODING/Python/computer_vision/HandGesturePresentationController/dataset_final/train/previous/train_previous_IMG_20251201_170029_jpg.rf.f30b0f51a50f3958f1ed86f7ceae092b_162_166_241_212.jpg
train,previous,c:\Users\Lenovo\Documents\CODING\Python\computer_vision\HandGesturePresentationController\Dataset_roboflow\train\IMG_20251201_170035_jpg.rf.3e018ad5d8b3de8891379949fc38190e.jpg,191,157,264,198,c:/Users/Lenovo/Documents/CODING/Python/computer_vision/HandGesturePresentationController/dataset_final/train/previous/train_previous_IMG_20251201_170035_jpg.rf.3e018ad5d8b3de8891379949fc38190e_186_154_269_201.jpg
train,previous,c:\Users\Lenovo\Documents\CODING\Python\computer_vision\HandGesturePresentationController\Dataset_roboflow\train\IMG_20251201_170035_jpg.rf.f222757062d92e76348f56291605d96e.jpg,250,157,323,198,c:/Users/Lenovo/Documents/CODING/Python/computer_vision/HandGesturePresentationController/dataset_final/train/previous/train_previous_IMG_20251201_170035_jpg.rf.f222757062d92e76348f56291605d96e_245_154_328_201.jpg
train,previous,c:\Users\Lenovo\Documents\CODING\Python\computer_vision\HandGesturePresentationController\Dataset_roboflow\train\IMG_20251201_170035_jpg.rf.ff99fb03542844ec4974c613f0c261f7.jpg,191,157,264,198,c:/Users/Lenovo/Documents/CODING/Python/computer_vision/HandGesturePresentationController/dataset_final/train/previous/train_previous_IMG_20251201_170035_jpg.rf.ff99fb03542844ec4974c613f0c261f7_186_154_269_201.jpg
train,previous,c:\Users\Lenovo\Documents\CODING\Python\computer_vision\HandGesturePresentationController\Dataset_roboflow\train\IMG_20251201_170040_jpg.rf.73763d1c9602f7f293bfe5161e23f6c1.jpg,343,184,408,231,c:/Users/Lenovo/Documents/CODING/Python/computer_vision/HandGesturePresentationController/dataset_final/train/previous/train_previous_IMG_20251201_170040_jpg.rf.73763d1c9602f7f293bfe5161e23f6c1_338_181_413_234.jpg
train,previous,c:\Users\Lenovo\Documents\CODING\Python\computer_vision\HandGesturePresentationController\Dataset_roboflow\train\IMG_20251201_170040_jpg.rf.bf4dafc1a1010be8a7dabc0204fe2d73.jpg,343,184,408,231,c:/Users/Lenovo/Documents/CODING/Python/computer_vision/HandGesturePresentationController/dataset_final/train/previous/train_previous_IMG_20251201_170040_jpg.rf.bf4dafc1a1010be8a7dabc0204fe2d73_338_181_413_234.jpg
train,previous,c:\Users\Lenovo\Documents\CODING\Python\computer_vision\HandGesturePresentationController\Dataset_roboflow\train\IMG_20251201_170040_jpg.rf.ef729d0ef36b5174e0fe548f75bc1dce.jpg,106,184,171,231,c:/Users/Lenovo/Documents/CODING/Python/computer_vision/HandGesturePresentationController/dataset_final/train/previous/train_previous_IMG_20251201_170040_jpg.rf.ef729d0ef36b5174e0fe548f75bc1dce_101_181_176_234.jpg
train,next,c:\Users\Lenovo\Documents\CODING\Python\computer_vision\HandGesturePresentationController\Dataset_roboflow\train\IMG_20251211_150835_jpg.rf.16241414764a7dd7fe51dcef41d62162.jpg,165,151,383,240,c:/Users/Lenovo/Documents/CODING/Python/computer_vision/HandGesturePresentationController/dataset_final/train/next/train_next_IMG_20251211_150835_jpg.rf.16241414764a7dd7fe51dcef41d62162_148_144_400_247.jpg
train,next,c:\Users\Lenovo\Documents\CODING\Python\computer_vision\HandGesturePresentationController\Dataset_roboflow\train\IMG_20251211_150835_jpg.rf.3ce0f267b980c602482f3ce9cc35da21.jpg,165,151,383,240,c:/Users/Lenovo/Documents/CODING/Python/computer_vision/HandGesturePresentationController/dataset_final/train/next/train_next_IMG_20251211_150835_jpg.rf.3ce0f267b980c602482f3ce9cc35da21_148_144_400_247.jpg
train,next,c:\Users\Lenovo\Documents\CODING\Python\computer_vision\HandGesturePresentationController\Dataset_roboflow\train\IMG_20251211_150835_jpg.rf.418f8ed0ac5f991eff4b4ea5d318bebd.jpg,165,151,383,240,c:/Users/Lenovo/Documents/CODING/Python/computer_vision/HandGesturePresentationController/dataset_final/train/next/train_next_IMG_20251211_150835_jpg.rf.418f8ed0ac5f991eff4b4ea5d318bebd_148_144_400_247.jpg
train,next,c:\Users\Lenovo\Documents\CODING\Python\computer_vision\HandGesturePresentationController\Dataset_roboflow\train\IMG_20251211_150841_jpg.rf.101bdd2d471c86b6889d3e168b5f6f64.jpg,153,173,408,266,c:/Users/Lenovo/Documents/CODING/Python/computer_vision/HandGesturePresentationController/dataset_final/train/next/train_next_IMG_20251211_150841_jpg.rf.101bdd2d471c86b6889d3e168b5f6f64_133_166_428_273.jpg
train,next,c:\Users\Lenovo\Documents\CODING\Python\computer_vision\HandGesturePresentationController\Dataset_roboflow\train\IMG_20251211_150841_jpg.rf.2a4236bbe3745431f6cbb0c9d8bc0afa.jpg,153,173,408,266,c:/Users/Lenovo/Documents/CODING/Python/computer_vision/HandGesturePresentationController/dataset_final/train/next/train_next_IMG_20251211_150841_jpg.rf.2a4236bbe3745431f6cbb0c9d8bc0afa_133_166_428_273.jpg
train,next,c:\Users\Lenovo\Documents\CODING\Python\computer_vision\HandGesturePresentationController\Dataset_roboflow\train\IMG_20251211_150841_jpg.rf.3443a9b674eeb361ae67bee5f31dbed0.jpg,153,173,408,266,c:/Users/Lenovo/Documents/CODING/Python/computer_vision/HandGesturePresentationController/dataset_final/train/next/train_next_IMG_20251211_150841_jpg.rf.3443a9b674eeb361ae67bee5f31dbed0_133_166_428_273.jpg
train,next,c:\Users\Lenovo\Documents\CODING\Python\computer_vision\HandGesturePresentationController\Dataset_roboflow\train\IMG_20251211_150844_jpg.rf.0022030440a3266eb066aa83594235e6.jpg,124,147,383,253,c:/Users/Lenovo/Documents/CODING/Python/computer_vision/HandGesturePresentationController/dataset_final/train/next/train_next_IMG_20251211_150844_jpg.rf.0022030440a3266eb066aa83594235e6_104_139_403_261.jpg
train,next,c:\Users\Lenovo\Documents\CODING\Python\computer_vision\HandGesturePresentationController\Dataset_roboflow\train\IMG_20251211_150844_jpg.rf.5e398d7351aa0a5fcf8adb8b434d3be1.jpg,124,147,383,253,c:/Users/Lenovo/Documents/CODING/Python/computer_vision/HandGesturePresentationController/dataset_final/train/next/train_next_IMG_20251211_150844_jpg.rf.5e398d7351aa0a5fcf8adb8b434d3be1_104_139_403_261.jpg
train,next,c:\Users\Lenovo\Documents\CODING\Python\computer_vision\HandGesturePresentationController\Dataset_roboflow\train\IMG_20251211_150844_jpg.rf.e8b4bda4d223ad08babcb804e9667f84.jpg,124,147,383,253,c:/Users/Lenovo/Documents/CODING/Python/computer_vision/HandGesturePresentationController/dataset_final/train/next/train_next_IMG_20251211_150844_jpg.rf.e8b4bda4d223ad08babcb804e9667f84_104_139_403_261.jpg
train,next,c:\Users\Lenovo\Documents\CODING\Python\computer_vision\HandGesturePresentationController\Dataset_roboflow\train\IMG_20251211_150846_jpg.rf.51aaa37fe3910e084cdfa20ae82e95e3.jpg,164,149,421,251,c:/Users/Lenovo/Documents/CODING/Python/computer_vision/HandGesturePresentationController/dataset_final/train/next/train_next_IMG_20251211_150846_jpg.rf.51aaa37fe3910e084cdfa20ae82e95e3_144_141_441_259.jpg
train,next,c:\Users\Lenovo\Documents\CODING\Python\computer_vision\HandGesturePresentationController\Dataset_roboflow\train\IMG_20251211_150846_jpg.rf.90ac5573798b56758396fa80828fb1fb.jpg,94,149,351,251,c:/Users/Lenovo/Documents/CODING/Python/computer_vision/HandGesturePresentationController/dataset_final/train/next/train_next_IMG_20251211_150846_jpg.rf.90ac5573798b56758396fa80828fb1fb_74_141_371_259.jpg
train,next,c:\Users\Lenovo\Documents\CODING\Python\computer_vision\HandGesturePresentationController\Dataset_roboflow\train\IMG_20251211_150846_jpg.rf.dcb5e2922c0ef006d157c28c5c87260f.jpg,164,149,421,251,c:/Users/Lenovo/Documents/CODING/Python/computer_vision/HandGesturePresentationController/dataset_final/train/next/train_next_IMG_20251211_150846_jpg.rf.dcb5e2922c0ef006d157c28c5c87260f_144_141_441_259.jpg
train,next,c:\Users\Lenovo\Documents\CODING\Python\computer_vision\HandGesturePresentationController\Dataset_roboflow\train\IMG_20251211_150853_jpg.rf.419be4771181d9d53d267668c543933a.jpg,172,188,410,285,c:/Users/Lenovo/Documents/CODING/Python/computer_vision/HandGesturePresentationController/dataset_final/train/next/train_next_IMG_20251211_150853_jpg.rf.419be4771181d9d53d267668c543933a_153_181_429_292.jpg
train,next,c:\Users\Lenovo\Documents\CODING\Python\computer_vision\HandGesturePresentationController\Dataset_roboflow\train\IMG_20251211_150853_jpg.rf.d8a89767870cb3c6ffcfce5eef1c268e.jpg,104,188,342,285,c:/Users/Lenovo/Documents/CODING/Python/computer_vision/HandGesturePresentationController/dataset_final/train/next/train_next_IMG_20251211_150853_jpg.rf.d8a89767870cb3c6ffcfce5eef1c268e_85_181_361_292.jpg
train,next,c:\Users\Lenovo\Documents\CODING\Python\computer_vision\HandGesturePresentationController\Dataset_roboflow\train\IMG_20251211_150853_jpg.rf.df0d1a35ef3487edefc5d72d9335d243.jpg,172,188,410,285,c:/Users/Lenovo/Documents/CODING/Python/computer_vision/HandGesturePresentationController/dataset_final/train/next/train_next_IMG_20251211_150853_jpg.rf.df0d1a35ef3487edefc5d72d9335d243_153_181_429_292.jpg
train,next,c:\Users\Lenovo\Documents\CODING\Python\computer_vision\HandGesturePresentationController\Dataset_roboflow\train\IMG_20251211_150859_jpg.rf.054cd3cdb287601781e504051e8d855c.jpg,187,237,402,321,c:/Users/Lenovo/Documents/CODING/Python/computer_vision/HandGesturePresentationController/dataset_final/train/next/train_next_IMG_20251211_150859_jpg.rf.054cd3cdb287601781e504051e8d855c_170_231_419_327.jpg
train,next,c:\Users\Lenovo\Documents\CODING\Python\computer_vision\HandGesturePresentationController\Dataset_roboflow\train\IMG_20251211_150859_jpg.rf.58f2714ba8156f64b80df3c36575c38c.jpg,187,237,402,321,c:/Users/Lenovo/Documents/CODING/Python/computer_vision/HandGesturePresentationController/dataset_final/train/next/train_next_IMG_20251211_150859_jpg.rf.58f2714ba8156f64b80df3c36575c38c_170_231_419_327.jpg
train,next,c:\Users\Lenovo\Documents\CODING\Python\computer_vision\HandGesturePresentationController\Dataset_roboflow\train\IMG_20251211_150859_jpg.rf.a8c4ff10f2f251c9b6fb2c493db308c2.jpg,187,237,402,321,c:/Users/Lenovo/Documents/CODING/Python/computer_vision/HandGesturePresentationController/dataset_final/train/next/train_next_IMG_20251211_150859_jpg.rf.a8c4ff10f2f251c9b6fb2c493db308c2_170_231_419_327.jpg
train,next,c:\Users\Lenovo\Documents\CODING\Python\computer_vision\HandGesturePresentationController\Dataset_roboflow\train\IMG_20251211_150907_jpg.rf.67f00b3d87091e15eed3a6c49f43e0cc.jpg,87,200,378,311,c:/Users/Lenovo/Documents/CODING/Python/computer_vision/HandGesturePresentationController/dataset_final/train/next/train_next_IMG_20251211_150907_jpg.rf.67f00b3d87091e15eed3a6c49f43e0cc_64_192_401_319.jpg
train,next,c:\Users\Lenovo\Documents\CODING\Python\computer_vision\HandGesturePresentationController\Dataset_roboflow\train\IMG_20251211_150907_jpg.rf.a7c2847d0a27dbc99308237800b9da65.jpg,136,200,427,311,c:/Users/Lenovo/Documents/CODING/Python/computer_vision/HandGesturePresentationController/dataset_final/train/next/train_next_IMG_20251211_150907_jpg.rf.a7c2847d0a27dbc99308237800b9da65_113_192_450_319.jpg
train,next,c:\Users\Lenovo\Documents\CODING\Python\computer_vision\HandGesturePresentationController\Dataset_roboflow\train\IMG_20251211_150907_jpg.rf.aa52a5e6a53659e347a177e9610036c6.jpg,136,200,427,311,c:/Users/Lenovo/Documents/CODING/Python/computer_vision/HandGesturePresentationController/dataset_final/train/next/train_next_IMG_20251211_150907_jpg.rf.aa52a5e6a53659e347a177e9610036c6_113_192_450_319.jpg
train,next,c:\Users\Lenovo\Documents\CODING\Python\computer_vision\HandGesturePresentationController\Dataset_roboflow\train\IMG_20251211_150914_jpg.rf.134624cb3bad29551e3cdb8559edb4c0.jpg,149,176,394,277,c:/Users/Lenovo/Documents/CODING/Python/computer_vision/HandGesturePresentationController/dataset_final/train/next/train_next_IMG_20251211_150914_jpg.rf.134624cb3bad29551e3cdb8559edb4c0_130_168_413_285.jpg
train,next,c:\Users\Lenovo\Documents\CODING\Python\computer_vision\HandGesturePresentationController\Dataset_roboflow\train\IMG_20251211_150914_jpg.rf.3ea7355ea497c04f9c512227c3ef09d9.jpg,149,176,394,277,c:/Users/Lenovo/Documents/CODING/Python/computer_vision/HandGesturePresentationController/dataset_final/train/next/train_next_IMG_20251211_150914_jpg.rf.3ea7355ea497c04f9c512227c3ef09d9_130_168_413_285.jpg
train,next,c:\Users\Lenovo\Documents\CODING\Python\computer_vision\HandGesturePresentationController\Dataset_roboflow\train\IMG_20251211_150914_jpg.rf.720eade5d025e9ccb12920225965c78b.jpg,121,176,366,277,c:/Users/Lenovo/Documents/CODING/Python/computer_vision/HandGesturePresentationController/dataset_final/train/next/train_next_IMG_20251211_150914_jpg.rf.720eade5d025e9ccb12920225965c78b_102_168_385_285.jpg
train,next,c:\Users\Lenovo\Documents\CODING\Python\computer_vision\HandGesturePresentationController\Dataset_roboflow\train\IMG_20251211_150929_jpg.rf.30f0bd0e6c016ecf904cc903491729f1.jpg,69,269,322,361,c:/Users/Lenovo/Documents/CODING/Python/computer_vision/HandGesturePresentationController/dataset_final/train/next/train_next_IMG_20251211_150929_jpg.rf.30f0bd0e6c016ecf904cc903491729f1_49_262_342_368.jpg
train,next,c:\Users\Lenovo\Documents\CODING\Python\computer_vision\HandGesturePresentationController\Dataset_roboflow\train\IMG_20251211_150929_jpg.rf.8d0b40589fa3eda10f6c2e68d4a8b552.jpg,69,269,322,361,c:/Users/Lenovo/Documents/CODING/Python/computer_vision/HandGesturePresentationController/dataset_final/train/next/train_next_IMG_20251211_150929_jpg.rf.8d0b40589fa3eda10f6c2e68d4a8b552_49_262_342_368.jpg
train,next,c:\Users\Lenovo\Documents\CODING\Python\computer_vision\HandGesturePresentationController\Dataset_roboflow\train\IMG_20251211_150929_jpg.rf.a1634ae4c631126b59f6b527df20539c.jpg,192,269,445,361,c:/Users/Lenovo/Documents/CODING/Python/computer_vision/HandGesturePresentationController/dataset_final/train/next/train_next_IMG_20251211_150929_jpg.rf.a1634ae4c631126b59f6b527df20539c_172_262_465_368.jpg
train,next,c:\Users\Lenovo\Documents\CODING\Python\computer_vision\HandGesturePresentationController\Dataset_roboflow\train\IMG_20251211_150937_jpg.rf.194b87dbf2233dc306bb5e9c2d24f38d.jpg,96,344,309,421,c:/Users/Lenovo/Documents/CODING/Python/computer_vision/HandGesturePresentationController/dataset_final/train/next/train_next_IMG_20251211_150937_jpg.rf.194b87dbf2233dc306bb5e9c2d24f38d_79_338_326_427.jpg
train,next,c:\Users\Lenovo\Documents\CODING\Python\computer_vision\HandGesturePresentationController\Dataset_roboflow\train\IMG_20251211_150937_jpg.rf.1f0e3f676049effbea169562cc474092.jpg,206,344,419,421,c:/Users/Lenovo/Documents/CODING/Python/computer_vision/HandGesturePresentationController/dataset_final/train/next/train_next_IMG_20251211_150937_jpg.rf.1f0e3f676049effbea169562cc474092_189_338_436_427.jpg
train,next,c:\Users\Lenovo\Documents\CODING\Python\computer_vision\HandGesturePresentationController\Dataset_roboflow\train\IMG_20251211_150937_jpg.rf.959dadbce870c1a5be20464353e6a74a.jpg,206,344,419,421,c:/Users/Lenovo/Documents/CODING/Python/computer_vision/HandGesturePresentationController/dataset_final/train/next/train_next_IMG_20251211_150937_jpg.rf.959dadbce870c1a5be20464353e6a74a_189_338_436_427.jpg
train,previous,c:\Users\Lenovo\Documents\CODING\Python\computer_vision\HandGesturePresentationController\Dataset_roboflow\train\IMG_20251211_150959_jpg.rf.32ffdb3960874678d184ab876d631550.jpg,124,192,372,275,c:/Users/Lenovo/Documents/CODING/Python/computer_vision/HandGesturePresentationController/dataset_final/train/previous/train_previous_IMG_20251211_150959_jpg.rf.32ffdb3960874678d184ab876d631550_105_186_391_281.jpg
train,previous,c:\Users\Lenovo\Documents\CODING\Python\computer_vision\HandGesturePresentationController\Dataset_roboflow\train\IMG_20251211_150959_jpg.rf.4cd0b47b2b13f589f7795d6030989317.jpg,142,192,390,275,c:/Users/Lenovo/Documents/CODING/Python/computer_vision/HandGesturePresentationController/dataset_final/train/previous/train_previous_IMG_20251211_150959_jpg.rf.4cd0b47b2b13f589f7795d6030989317_123_186_409_281.jpg
train,previous,c:\Users\Lenovo\Documents\CODING\Python\computer_vision\HandGesturePresentationController\Dataset_roboflow\train\IMG_20251211_150959_jpg.rf.adad381189429a8f4e38927d770f84fb.jpg,142,192,390,275,c:/Users/Lenovo/Documents/CODING/Python/computer_vision/HandGesturePresentationController/dataset_final/train/previous/train_previous_IMG_20251211_150959_jpg.rf.adad381189429a8f4e38927d770f84fb_123_186_409_281.jpg
train,previous,c:\Users\Lenovo\Documents\CODING\Python\computer_vision\HandGesturePresentationController\Dataset_roboflow\train\IMG_20251211_151004_jpg.rf.45a795c3d3d7414bb6d05520c4500f60.jpg,117,200,328,288,c:/Users/Lenovo/Documents/CODING/Python/computer_vision/HandGesturePresentationController/dataset_final/train/previous/train_previous_IMG_20251211_151004_jpg.rf.45a795c3d3d7414bb6d05520c4500f60_101_193_344_295.jpg
train,previous,c:\Users\Lenovo\Documents\CODING\Python\computer_vision\HandGesturePresentationController\Dataset_roboflow\train\IMG_20251211_151004_jpg.rf.943a009563d24551dadfef17ce531cc9.jpg,117,200,328,288,c:/Users/Lenovo/Documents/CODING/Python/computer_vision/HandGesturePresentationController/dataset_final/train/previous/train_previous_IMG_20251211_151004_jpg.rf.943a009563d24551dadfef17ce531cc9_101_193_344_295.jpg
train,previous,c:\Users\Lenovo\Documents\CODING\Python\computer_vision\HandGesturePresentationController\Dataset_roboflow\train\IMG_20251211_151004_jpg.rf.9da8aa1ae083405fd78d3d3b8f0ab255.jpg,117,200,328,288,c:/Users/Lenovo/Documents/CODING/Python/computer_vision/HandGesturePresentationController/dataset_final/train/previous/train_previous_IMG_20251211_151004_jpg.rf.9da8aa1ae083405fd78d3d3b8f0ab255_101_193_344_295.jpg
train,previous,c:\Users\Lenovo\Documents\CODING\Python\computer_vision\HandGesturePresentationController\Dataset_roboflow\train\IMG_20251211_151016_jpg.rf.4cbdc955c5052de86745f63d4d97f853.jpg,130,207,332,289,c:/Users/Lenovo/Documents/CODING/Python/computer_vision/HandGesturePresentationController/dataset_final/train/previous/train_previous_IMG_20251211_151016_jpg.rf.4cbdc955c5052de86745f63d4d97f853_114_201_348_295.jpg
train,previous,c:\Users\Lenovo\Documents\CODING\Python\computer_vision\HandGesturePresentationController\Dataset_roboflow\train\IMG_20251211_151016_jpg.rf.9a6fb7ece92fd2e96ebf26ffe8cab7a5.jpg,182,207,384,289,c:/Users/Lenovo/Documents/CODING/Python/computer_vision/HandGesturePresentationController/dataset_final/train/previous/train_previous_IMG_20251211_151016_jpg.rf.9a6fb7ece92fd2e96ebf26ffe8cab7a5_166_201_400_295.jpg
train,previous,c:\Users\Lenovo\Documents\CODING\Python\computer_vision\HandGesturePresentationController\Dataset_roboflow\train\IMG_20251211_151016_jpg.rf.dcc46200a9366010579a33252b5a8dd4.jpg,130,207,332,289,c:/Users/Lenovo/Documents/CODING/Python/computer_vision/HandGesturePresentationController/dataset_final/train/previous/train_previous_IMG_20251211_151016_jpg.rf.dcc46200a9366010579a33252b5a8dd4_114_201_348_295.jpg
train,previous,c:\Users\Lenovo\Documents\CODING\Python\computer_vision\HandGesturePresentationController\Dataset_roboflow\train\IMG_20251211_151022_jpg.rf.9344f2152dc1784a68d4a75410f942db.jpg,295,152,481,230,c:/Users/Lenovo/Documents/CODING/Python/computer_vision/HandGesturePresentationController/dataset_final/train/previous/train_previous_IMG_20251211_151022_jpg.rf.9344f2152dc1784a68d4a75410f942db_281_146_495_236.jpg
train,previous,c:\Users\Lenovo\Documents\CODING\Python\computer_vision\HandGesturePresentationController\Dataset_roboflow\train\IMG_20251211_151022_jpg.rf.a938a43af687f93f9ca258ea35b0ee52.jpg,33,152,219,230,c:/Users/Lenovo/Documents/CODING/Python/computer_vision/HandGesturePresentationController/dataset_final/train/previous/train_previous_IMG_20251211_151022_jpg.rf.a938a43af687f93f9ca258ea35b0ee52_19_146_233_236.jpg
train,previous,c:\Users\Lenovo\Documents\CODING\Python\computer_vision\HandGesturePresentationController\Dataset_roboflow\train\IMG_20251211_151022_jpg.rf.b8bcb8f3e1a744e27ad2fffdcbce54de.jpg,33,152,219,230,c:/Users/Lenovo/Documents/CODING/Python/computer_vision/HandGesturePresentationController/dataset_final/train/previous/train_previous_IMG_20251211_151022_jpg.rf.b8bcb8f3e1a744e27ad2fffdcbce54de_19_146_233_236.jpg
train,previous,c:\Users\Lenovo\Documents\CODING\Python\computer_vision\HandGesturePresentationController\Dataset_roboflow\train\IMG_20251211_151035_jpg.rf.200307eee9fdf8325ab750ea0a9209e8.jpg,165,216,365,294,c:/Users/Lenovo/Documents/CODING/Python/computer_vision/HandGesturePresentationController/dataset_final/train/previous/train_previous_IMG_20251211_151035_jpg.rf.200307eee9fdf8325ab750ea0a9209e8_149_210_381_300.jpg
train,previous,c:\Users\Lenovo\Documents\CODING\Python\computer_vision\HandGesturePresentationController\Dataset_roboflow\train\IMG_20251211_151035_jpg.rf.67ad6c1080ce1545b3a68593bdcdd3b8.jpg,149,216,349,294,c:/Users/Lenovo/Documents/CODING/Python/computer_vision/HandGesturePresentationController/dataset_final/train/previous/train_previous_IMG_20251211_151035_jpg.rf.67ad6c1080ce1545b3a68593bdcdd3b8_133_210_365_300.jpg
train,previous,c:\Users\Lenovo\Documents\CODING\Python\computer_vision\HandGesturePresentationController\Dataset_roboflow\train\IMG_20251211_151035_jpg.rf.6a4dc5cfd5f1b1d3d89abc6ca9024a90.jpg,165,216,365,294,c:/Users/Lenovo/Documents/CODING/Python/computer_vision/HandGesturePresentationController/dataset_final/train/previous/train_previous_IMG_20251211_151035_jpg.rf.6a4dc5cfd5f1b1d3d89abc6ca9024a90_149_210_381_300.jpg
train,previous,c:\Users\Lenovo\Documents\CODING\Python\computer_vision\HandGesturePresentationController\Dataset_roboflow\train\IMG_20251211_151045_jpg.rf.01c4ae8b91dae942c373b8139bcb5cdf.jpg,239,235,480,312,c:/Users/Lenovo/Documents/CODING/Python/computer_vision/HandGesturePresentationController/dataset_final/train/previous/train_previous_IMG_20251211_151045_jpg.rf.01c4ae8b91dae942c373b8139bcb5cdf_220_229_499_318.jpg
train,previous,c:\Users\Lenovo\Documents\CODING\Python\computer_vision\HandGesturePresentationController\Dataset_roboflow\train\IMG_20251211_151045_jpg.rf.023d1621c581d6a4a2eceaf96ef337e7.jpg,239,235,480,312,c:/Users/Lenovo/Documents/CODING/Python/computer_vision/HandGesturePresentationController/dataset_final/train/previous/train_previous_IMG_20251211_151045_jpg.rf.023d1621c581d6a4a2eceaf96ef337e7_220_229_499_318.jpg
train,previous,c:\Users\Lenovo\Documents\CODING\Python\computer_vision\HandGesturePresentationController\Dataset_roboflow\train\IMG_20251211_151045_jpg.rf.bb5e225b07013d7f53e7e608d590020e.jpg,35,235,276,312,c:/Users/Lenovo/Documents/CODING/Python/computer_vision/HandGesturePresentationController/dataset_final/train/previous/train_previous_IMG_20251211_151045_jpg.rf.bb5e225b07013d7f53e7e608d590020e_16_229_295_318.jpg
train,previous,c:\Users\Lenovo\Documents\CODING\Python\computer_vision\HandGesturePresentationController\Dataset_roboflow\train\IMG_20251211_151054_jpg.rf.804763a66dd182241ad45e130bedc5bb.jpg,150,201,387,274,c:/Users/Lenovo/Documents/CODING/Python/computer_vision/HandGesturePresentationController/dataset_final/train/previous/train_previous_IMG_20251211_151054_jpg.rf.804763a66dd182241ad45e130bedc5bb_132_196_405_279.jpg
train,previous,c:\Users\Lenovo\Documents\CODING\Python\computer_vision\HandGesturePresentationController\Dataset_roboflow\train\IMG_20251211_151054_jpg.rf.c9983079990e6ebac35bf63e8560089a.jpg,150,201,387,274,c:/Users/Lenovo/Documents/CODING/Python/computer_vision/HandGesturePresentationController/dataset_final/train/previous/train_previous_IMG_20251211_151054_jpg.rf.c9983079990e6ebac35bf63e8560089a_132_196_405_279.jpg
train,previous,c:\Users\Lenovo\Documents\CODING\Python\computer_vision\HandGesturePresentationController\Dataset_roboflow\train\IMG_20251211_151054_jpg.rf.cb5dd90b3d1ac2497c01e4f54e5b4e73.jpg,127,201,364,274,c:/Users/Lenovo/Documents/CODING/Python/computer_vision/HandGesturePresentationController/dataset_final/train/previous/train_previous_IMG_20251211_151054_jpg.rf.cb5dd90b3d1ac2497c01e4f54e5b4e73_109_196_382_279.jpg
train,next,c:\Users\Lenovo\Documents\CODING\Python\computer_vision\HandGesturePresentationController\Dataset_roboflow\train\IMG_20251211_151159_jpg.rf.00ff99b4e1edce19947d0bd8d10b2dce.jpg,150,150,363,240,c:/Users/Lenovo/Documents/CODING/Python/computer_vision/HandGesturePresentationController/dataset_final/train/next/train_next_IMG_20251211_151159_jpg.rf.00ff99b4e1edce19947d0bd8d10b2dce_133_143_380_247.jpg
train,next,c:\Users\Lenovo\Documents\CODING\Python\computer_vision\HandGesturePresentationController\Dataset_roboflow\train\IMG_20251211_151159_jpg.rf.dd7fb1c78c774bd6555a05a4d9def650.jpg,150,150,363,240,c:/Users/Lenovo/Documents/CODING/Python/computer_vision/HandGesturePresentationController/dataset_final/train/next/train_next_IMG_20251211_151159_jpg.rf.dd7fb1c78c774bd6555a05a4d9def650_133_143_380_247.jpg
train,next,c:\Users\Lenovo\Documents\CODING\Python\computer_vision\HandGesturePresentationController\Dataset_roboflow\train\IMG_20251211_151159_jpg.rf.fe7f02733d892923463bebabcba0362d.jpg,150,150,363,240,c:/Users/Lenovo/Documents/CODING/Python/computer_vision/HandGesturePresentationController/dataset_final/train/next/train_next_IMG_20251211_151159_jpg.rf.fe7f02733d892923463bebabcba0362d_133_143_380_247.jpg
train,next,c:\Users\Lenovo\Documents\CODING\Python\computer_vision\HandGesturePresentationController\Dataset_roboflow\train\IMG_20251211_151204_jpg.rf.316a1dd3e3d9e7f492bac8c828024a14.jpg,167,181,370,263,c:/Users/Lenovo/Documents/CODING/Python/computer_vision/HandGesturePresentationController/dataset_final/train/next/train_next_IMG_20251211_151204_jpg.rf.316a1dd3e3d9e7f492bac8c828024a14_151_175_386_269.jpg
train,next,c:\Users\Lenovo\Documents\CODING\Python\computer_vision\HandGesturePresentationController\Dataset_roboflow\train\IMG_20251211_151204_jpg.rf.abb848b2cd586b3a103c7ccb973195b3.jpg,167,181,370,263,c:/Users/Lenovo/Documents/CODING/Python/computer_vision/HandGesturePresentationController/dataset_final/train/next/train_next_IMG_20251211_151204_jpg.rf.abb848b2cd586b3a103c7ccb973195b3_151_175_386_269.jpg
train,next,c:\Users\Lenovo\Documents\CODING\Python\computer_vision\HandGesturePresentationController\Dataset_roboflow\train\IMG_20251211_151204_jpg.rf.e8edae34102428f9c7f7d4c65e60b165.jpg,167,181,370,263,c:/Users/Lenovo/Documents/CODING/Python/computer_vision/HandGesturePresentationController/dataset_final/train/next/train_next_IMG_20251211_151204_jpg.rf.e8edae34102428f9c7f7d4c65e60b165_151_175_386_269.jpg
train,next,c:\Users\Lenovo\Documents\CODING\Python\computer_vision\HandGesturePresentationController\Dataset_roboflow\train\IMG_20251211_151208_jpg.rf.6272c8e62aa933d69234a9fa7e4d401e.jpg,195,218,382,292,c:/Users/Lenovo/Documents/CODING/Python/computer_vision/HandGesturePresentationController/dataset_final/train/next/train_next_IMG_20251211_151208_jpg.rf.6272c8e62aa933d69234a9fa7e4d401e_181_213_396_297.jpg
train,next,c:\Users\Lenovo\Documents\CODING\Python\computer_vision\HandGesturePresentationController\Dataset_roboflow\train\IMG_20251211_151208_jpg.rf.9face84f00205f9ccc82f33bed0f6ec3.jpg,133,218,320,292,c:/Users/Lenovo/Documents/CODING/Python/computer_vision/HandGesturePresentationController/dataset_final/train/next/train_next_IMG_20251211_151208_jpg.rf.9face84f00205f9ccc82f33bed0f6ec3_119_213_334_297.jpg
train,next,c:\Users\Lenovo\Documents\CODING\Python\computer_vision\HandGesturePresentationController\Dataset_roboflow\train\IMG_20251211_151208_jpg.rf.dff894e36f119cb1aeba47923382bff9.jpg,195,218,382,292,c:/Users/Lenovo/Documents/CODING/Python/computer_vision/HandGesturePresentationController/dataset_final/train/next/train_next_IMG_20251211_151208_jpg.rf.dff894e36f119cb1aeba47923382bff9_181_213_396_297.jpg
train,next,c:\Users\Lenovo\Documents\CODING\Python\computer_vision\HandGesturePresentationController\Dataset_roboflow\train\IMG_20251211_151211_jpg.rf.122f9dda3c6f91e9c6436d058e48efde.jpg,184,247,374,326,c:/Users/Lenovo/Documents/CODING/Python/computer_vision/HandGesturePresentationController/dataset_final/train/next/train_next_IMG_20251211_151211_jpg.rf.122f9dda3c6f91e9c6436d058e48efde_169_241_389_332.jpg
train,next,c:\Users\Lenovo\Documents\CODING\Python\computer_vision\HandGesturePresentationController\Dataset_roboflow\train\IMG_20251211_151211_jpg.rf.24caf68ff27d1c0029861691f4ad7c05.jpg,184,247,374,326,c:/Users/Lenovo/Documents/CODING/Python/computer_vision/HandGesturePresentationController/dataset_final/train/next/train_next_IMG_20251211_151211_jpg.rf.24caf68ff27d1c0029861691f4ad7c05_169_241_389_332.jpg
train,next,c:\Users\Lenovo\Documents\CODING\Python\computer_vision\HandGesturePresentationController\Dataset_roboflow\train\IMG_20251211_151211_jpg.rf.9ab163c408e32281c684f3e5c19de9d6.jpg,140,247,330,326,c:/Users/Lenovo/Documents/CODING/Python/computer_vision/HandGesturePresentationController/dataset_final/train/next/train_next_IMG_20251211_151211_jpg.rf.9ab163c408e32281c684f3e5c19de9d6_125_241_345_332.jpg
train,next,c:\Users\Lenovo\Documents\CODING\Python\computer_vision\HandGesturePresentationController\Dataset_roboflow\train\IMG_20251211_151221_jpg.rf.cb25bdbc4a763b14fdd4bd8e95a6c65d.jpg,193,258,371,330,c:/Users/Lenovo/Documents/CODING/Python/computer_vision/HandGesturePresentationController/dataset_final/train/next/train_next_IMG_20251211_151221_jpg.rf.cb25bdbc4a763b14fdd4bd8e95a6c65d_179_253_385_335.jpg
train,next,c:\Users\Lenovo\Documents\CODING\Python\computer_vision\HandGesturePresentationController\Dataset_roboflow\train\IMG_20251211_151221_jpg.rf.e93f386dc9d71a511c978f737362e3cd.jpg,193,258,371,330,c:/Users/Lenovo/Documents/CODING/Python/computer_vision/HandGesturePresentationController/dataset_final/train/next/train_next_IMG_20251211_151221_jpg.rf.e93f386dc9d71a511c978f737362e3cd_179_253_385_335.jpg
train,next,c:\Users\Lenovo\Documents\CODING\Python\computer_vision\HandGesturePresentationController\Dataset_roboflow\train\IMG_20251211_151221_jpg.rf.f980db44a9e324c89f2319e84170181c.jpg,143,258,321,330,c:/Users/Lenovo/Documents/CODING/Python/computer_vision/HandGesturePresentationController/dataset_final/train/next/train_next_IMG_20251211_151221_jpg.rf.f980db44a9e324c89f2319e84170181c_129_253_335_335.jpg
train,next,c:\Users\Lenovo\Documents\CODING\Python\computer_vision\HandGesturePresentationController\Dataset_roboflow\train\IMG_20251211_151225_jpg.rf.29d024794d3a89bd718d66b81d189858.jpg,174,208,351,285,c:/Users/Lenovo/Documents/CODING/Python/computer_vision/HandGesturePresentationController/dataset_final/train/next/train_next_IMG_20251211_151225_jpg.rf.29d024794d3a89bd718d66b81d189858_160_202_365_291.jpg
train,next,c:\Users\Lenovo\Documents\CODING\Python\computer_vision\HandGesturePresentationController\Dataset_roboflow\train\IMG_20251211_151225_jpg.rf.50a46912d88d57adcd33bb25c8bdf9b8.jpg,164,208,341,285,c:/Users/Lenovo/Documents/CODING/Python/computer_vision/HandGesturePresentationController/dataset_final/train/next/train_next_IMG_20251211_151225_jpg.rf.50a46912d88d57adcd33bb25c8bdf9b8_150_202_355_291.jpg
train,next,c:\Users\Lenovo\Documents\CODING\Python\computer_vision\HandGesturePresentationController\Dataset_roboflow\train\IMG_20251211_151225_jpg.rf.b8da472f8b98c01dd26c170bf0bdf53d.jpg,174,208,351,285,c:/Users/Lenovo/Documents/CODING/Python/computer_vision/HandGesturePresentationController/dataset_final/train/next/train_next_IMG_20251211_151225_jpg.rf.b8da472f8b98c01dd26c170bf0bdf53d_160_202_365_291.jpg
train,next,c:\Users\Lenovo\Documents\CODING\Python\computer_vision\HandGesturePresentationController\Dataset_roboflow\train\IMG_20251211_151242_jpg.rf.33f6035317ec4cb8f5d1036e1a08455a.jpg,186,115,399,214,c:/Users/Lenovo/Documents/CODING/Python/computer_vision/HandGesturePresentationController/dataset_final/train/next/train_next_IMG_20251211_151242_jpg.rf.33f6035317ec4cb8f5d1036e1a08455a_169_108_416_221.jpg
train,next,c:\Users\Lenovo\Documents\CODING\Python\computer_vision\HandGesturePresentationController\Dataset_roboflow\train\IMG_20251211_151242_jpg.rf.d8b9884cc5d75bf2d18b1aa12b9cc4fb.jpg,186,115,399,214,c:/Users/Lenovo/Documents/CODING/Python/computer_vision/HandGesturePresentationController/dataset_final/train/next/train_next_IMG_20251211_151242_jpg.rf.d8b9884cc5d75bf2d18b1aa12b9cc4fb_169_108_416_221.jpg
train,next,c:\Users\Lenovo\Documents\CODING\Python\computer_vision\HandGesturePresentationController\Dataset_roboflow\train\IMG_20251211_151242_jpg.rf.dfc0df36f662171a7b326fe156d69f98.jpg,186,115,399,214,c:/Users/Lenovo/Documents/CODING/Python/computer_vision/HandGesturePresentationController/dataset_final/train/next/train_next_IMG_20251211_151242_jpg.rf.dfc0df36f662171a7b326fe156d69f98_169_108_416_221.jpg
train,next,c:\Users\Lenovo\Documents\CODING\Python\computer_vision\HandGesturePresentationController\Dataset_roboflow\train\IMG_20251211_151250_jpg.rf.1213943421176de1772335646026a302.jpg,135,155,317,232,c:/Users/Lenovo/Documents/CODING/Python/computer_vision/HandGesturePresentationController/dataset_final/train/next/train_next_IMG_20251211_151250_jpg.rf.1213943421176de1772335646026a302_121_149_331_238.jpg
train,next,c:\Users\Lenovo\Documents\CODING\Python\computer_vision\HandGesturePresentationController\Dataset_roboflow\train\IMG_20251211_151250_jpg.rf.619bf6729abc380670373f48787d25f0.jpg,197,155,379,232,c:/Users/Lenovo/Documents/CODING/Python/computer_vision/HandGesturePresentationController/dataset_final/train/next/train_next_IMG_20251211_151250_jpg.rf.619bf6729abc380670373f48787d25f0_183_149_393_238.jpg
train,next,c:\Users\Lenovo\Documents\CODING\Python\computer_vision\HandGesturePresentationController\Dataset_roboflow\train\IMG_20251211_151250_jpg.rf.b8523c7094879b95d2919092d67260df.jpg,197,155,379,232,c:/Users/Lenovo/Documents/CODING/Python/computer_vision/HandGesturePresentationController/dataset_final/train/next/train_next_IMG_20251211_151250_jpg.rf.b8523c7094879b95d2919092d67260df_183_149_393_238.jpg
train,next,c:\Users\Lenovo\Documents\CODING\Python\computer_vision\HandGesturePresentationController\Dataset_roboflow\train\IMG_20251211_151255_jpg.rf.391a70010bc8b17c8062092ad2aec557.jpg,118,261,317,340,c:/Users/Lenovo/Documents/CODING/Python/computer_vision/HandGesturePresentationController/dataset_final/train/next/train_next_IMG_20251211_151255_jpg.rf.391a70010bc8b17c8062092ad2aec557_103_255_332_346.jpg
train,next,c:\Users\Lenovo\Documents\CODING\Python\computer_vision\HandGesturePresentationController\Dataset_roboflow\train\IMG_20251211_151255_jpg.rf.8ded8735477af40eb4ef65bc81bf0036.jpg,197,261,396,340,c:/Users/Lenovo/Documents/CODING/Python/computer_vision/HandGesturePresentationController/dataset_final/train/next/train_next_IMG_20251211_151255_jpg.rf.8ded8735477af40eb4ef65bc81bf0036_182_255_411_346.jpg
train,next,c:\Users\Lenovo\Documents\CODING\Python\computer_vision\HandGesturePresentationController\Dataset_roboflow\train\IMG_20251211_151255_jpg.rf.b006437dbba95e208771981bc416ef75.jpg,118,261,317,340,c:/Users/Lenovo/Documents/CODING/Python/computer_vision/HandGesturePresentationController/dataset_final/train/next/train_next_IMG_20251211_151255_jpg.rf.b006437dbba95e208771981bc416ef75_103_255_332_346.jpg
train,previous,c:\Users\Lenovo\Documents\CODING\Python\computer_vision\HandGesturePresentationController\Dataset_roboflow\train\IMG_20251211_151336_jpg.rf.1d7864421b25b26d5bbb44f0310e1dd6.jpg,161,161,337,229,c:/Users/Lenovo/Documents/CODING/Python/computer_vision/HandGesturePresentationController/dataset_final/train/previous/train_previous_IMG_20251211_151336_jpg.rf.1d7864421b25b26d5bbb44f0310e1dd6_147_156_351_234.jpg
train,previous,c:\Users\Lenovo\Documents\CODING\Python\computer_vision\HandGesturePresentationController\Dataset_roboflow\train\IMG_20251211_151336_jpg.rf.9bdf9b4a3c32dc193fcba8e9b8b3df72.jpg,177,161,353,229,c:/Users/Lenovo/Documents/CODING/Python/computer_vision/HandGesturePresentationController/dataset_final/train/previous/train_previous_IMG_20251211_151336_jpg.rf.9bdf9b4a3c32dc193fcba8e9b8b3df72_163_156_367_234.jpg
train,previous,c:\Users\Lenovo\Documents\CODING\Python\computer_vision\HandGesturePresentationController\Dataset_roboflow\train\IMG_20251211_151336_jpg.rf.ff872f08b6ac9c8306c8d710a823c05b.jpg,177,161,353,229,c:/Users/Lenovo/Documents/CODING/Python/computer_vision/HandGesturePresentationController/dataset_final/train/previous/train_previous_IMG_20251211_151336_jpg.rf.ff872f08b6ac9c8306c8d710a823c05b_163_156_367_234.jpg
train,previous,c:\Users\Lenovo\Documents\CODING\Python\computer_vision\HandGesturePresentationController\Dataset_roboflow\train\IMG_20251211_151338_jpg.rf.312b0fe008362f8cda3b91cce101ddec.jpg,158,195,347,251,c:/Users/Lenovo/Documents/CODING/Python/computer_vision/HandGesturePresentationController/dataset_final/train/previous/train_previous_IMG_20251211_151338_jpg.rf.312b0fe008362f8cda3b91cce101ddec_143_191_362_255.jpg
train,previous,c:\Users\Lenovo\Documents\CODING\Python\computer_vision\HandGesturePresentationController\Dataset_roboflow\train\IMG_20251211_151338_jpg.rf.837f269b6914a1c6f312b0f2de978821.jpg,167,195,356,251,c:/Users/Lenovo/Documents/CODING/Python/computer_vision/HandGesturePresentationController/dataset_final/train/previous/train_previous_IMG_20251211_151338_jpg.rf.837f269b6914a1c6f312b0f2de978821_152_191_371_255.jpg
train,previous,c:\Users\Lenovo\Documents\CODING\Python\computer_vision\HandGesturePresentationController\Dataset_roboflow\train\IMG_20251211_151338_jpg.rf.8ef2f0bf63d38d52a77af1dbd49f95bf.jpg,167,195,356,251,c:/Users/Lenovo/Documents/CODING/Python/computer_vision/HandGesturePresentationController/dataset_final/train/previous/train_previous_IMG_20251211_151338_jpg.rf.8ef2f0bf63d38d52a77af1dbd49f95bf_152_191_371_255.jpg
train,previous,c:\Users\Lenovo\Documents\CODING\Python\computer_vision\HandGesturePresentationController\Dataset_roboflow\train\IMG_20251211_151341_jpg.rf.2d1f2453da8200099aa8a9842116f84d.jpg,157,230,325,283,c:/Users/Lenovo/Documents/CODING/Python/computer_vision/HandGesturePresentationController/dataset_final/train/previous/train_previous_IMG_20251211_151341_jpg.rf.2d1f2453da8200099aa8a9842116f84d_144_226_338_287.jpg
train,previous,c:\Users\Lenovo\Documents\CODING\Python\computer_vision\HandGesturePresentationController\Dataset_roboflow\train\IMG_20251211_151341_jpg.rf.4f0a0fca7aaa681e5a946a39e8dfe959.jpg,189,230,357,283,c:/Users/Lenovo/Documents/CODING/Python/computer_vision/HandGesturePresentationController/dataset_final/train/previous/train_previous_IMG_20251211_151341_jpg.rf.4f0a0fca7aaa681e5a946a39e8dfe959_176_226_370_287.jpg
train,previous,c:\Users\Lenovo\Documents\CODING\Python\computer_vision\HandGesturePresentationController\Dataset_roboflow\train\IMG_20251211_151341_jpg.rf.612b0444e1ed5ee363bfe8042799f8c7.jpg,157,230,325,283,c:/Users/Lenovo/Documents/CODING/Python/computer_vision/HandGesturePresentationController/dataset_final/train/previous/train_previous_IMG_20251211_151341_jpg.rf.612b0444e1ed5ee363bfe8042799f8c7_144_226_338_287.jpg
train,previous,c:\Users\Lenovo\Documents\CODING\Python\computer_vision\HandGesturePresentationController\Dataset_roboflow\train\IMG_20251211_151344_jpg.rf.0dc1fba6ea9feae9b1fe00cf30f0b843.jpg,180,149,387,214,c:/Users/Lenovo/Documents/CODING/Python/computer_vision/HandGesturePresentationController/dataset_final/train/previous/train_previous_IMG_20251211_151344_jpg.rf.0dc1fba6ea9feae9b1fe00cf30f0b843_164_144_403_219.jpg
train,previous,c:\Users\Lenovo\Documents\CODING\Python\computer_vision\HandGesturePresentationController\Dataset_roboflow\train\IMG_20251211_151344_jpg.rf.83828c9871ab01b58f46294139a5a1e9.jpg,128,149,335,214,c:/Users/Lenovo/Documents/CODING/Python/computer_vision/HandGesturePresentationController/dataset_final/train/previous/train_previous_IMG_20251211_151344_jpg.rf.83828c9871ab01b58f46294139a5a1e9_112_144_351_219.jpg
train,previous,c:\Users\Lenovo\Documents\CODING\Python\computer_vision\HandGesturePresentationController\Dataset_roboflow\train\IMG_20251211_151344_jpg.rf.a9dfbab24938c72037ee168d9767c6ad.jpg,180,149,387,214,c:/Users/Lenovo/Documents/CODING/Python/computer_vision/HandGesturePresentationController/dataset_final/train/previous/train_previous_IMG_20251211_151344_jpg.rf.a9dfbab24938c72037ee168d9767c6ad_164_144_403_219.jpg
train,previous,c:\Users\Lenovo\Documents\CODING\Python\computer_vision\HandGesturePresentationController\Dataset_roboflow\train\IMG_20251211_151347_jpg.rf.1b47b292a13f891e44afc5a5d98e01cb.jpg,140,216,332,276,c:/Users/Lenovo/Documents/CODING/Python/computer_vision/HandGesturePresentationController/dataset_final/train/previous/train_previous_IMG_20251211_151347_jpg.rf.1b47b292a13f891e44afc5a5d98e01cb_125_212_347_280.jpg
train,previous,c:\Users\Lenovo\Documents\CODING\Python\computer_vision\HandGesturePresentationController\Dataset_roboflow\train\IMG_20251211_151347_jpg.rf.1c20a865e392808eb3b6acef2d8a8545.jpg,140,216,332,276,c:/Users/Lenovo/Documents/CODING/Python/computer_vision/HandGesturePresentationController/dataset_final/train/previous/train_previous_IMG_20251211_151347_jpg.rf.1c20a865e392808eb3b6acef2d8a8545_125_212_347_280.jpg
train,previous,c:\Users\Lenovo\Documents\CODING\Python\computer_vision\HandGesturePresentationController\Dataset_roboflow\train\IMG_20251211_151347_jpg.rf.2ad1f043a0696d8a6c444602b46b4d65.jpg,140,216,332,276,c:/Users/Lenovo/Documents/CODING/Python/computer_vision/HandGesturePresentationController/dataset_final/train/previous/train_previous_IMG_20251211_151347_jpg.rf.2ad1f043a0696d8a6c444602b46b4d65_125_212_347_280.jpg
train,previous,c:\Users\Lenovo\Documents\CODING\Python\computer_vision\HandGesturePresentationController\Dataset_roboflow\train\IMG_20251211_151404_jpg.rf.21f01cfe89ab28bd82a2e1c2336c8eeb.jpg,104,255,268,322,c:/Users/Lenovo/Documents/CODING/Python/computer_vision/HandGesturePresentationController/dataset_final/train/previous/train_previous_IMG_20251211_151404_jpg.rf.21f01cfe89ab28bd82a2e1c2336c8eeb_91_250_281_327.jpg
train,previous,c:\Users\Lenovo\Documents\CODING\Python\computer_vision\HandGesturePresentationController\Dataset_roboflow\train\IMG_20251211_151404_jpg.rf.ab1985319a613c42b96de6451150cf18.jpg,246,255,410,322,c:/Users/Lenovo/Documents/CODING/Python/computer_vision/HandGesturePresentationController/dataset_final/train/previous/train_previous_IMG_20251211_151404_jpg.rf.ab1985319a613c42b96de6451150cf18_233_250_423_327.jpg
train,previous,c:\Users\Lenovo\Documents\CODING\Python\computer_vision\HandGesturePresentationController\Dataset_roboflow\train\IMG_20251211_151404_jpg.rf.c63fdadb1bddf78897ed0caefe250485.jpg,104,255,268,322,c:/Users/Lenovo/Documents/CODING/Python/computer_vision/HandGesturePresentationController/dataset_final/train/previous/train_previous_IMG_20251211_151404_jpg.rf.c63fdadb1bddf78897ed0caefe250485_91_250_281_327.jpg
train,previous,c:\Users\Lenovo\Documents\CODING\Python\computer_vision\HandGesturePresentationController\Dataset_roboflow\train\IMG_20251211_151419_jpg.rf.3a5565ba79a6c3eb5c892d340f44f648.jpg,165,182,330,241,c:/Users/Lenovo/Documents/CODING/Python/computer_vision/HandGesturePresentationController/dataset_final/train/previous/train_previous_IMG_20251211_151419_jpg.rf.3a5565ba79a6c3eb5c892d340f44f648_152_178_343_245.jpg
train,previous,c:\Users\Lenovo\Documents\CODING\Python\computer_vision\HandGesturePresentationController\Dataset_roboflow\train\IMG_20251211_151419_jpg.rf.c9f1b99692fc636a5ecd1f6974b2d586.jpg,165,182,330,241,c:/Users/Lenovo/Documents/CODING/Python/computer_vision/HandGesturePresentationController/dataset_final/train/previous/train_previous_IMG_20251211_151419_jpg.rf.c9f1b99692fc636a5ecd1f6974b2d586_152_178_343_245.jpg
train,previous,c:\Users\Lenovo\Documents\CODING\Python\computer_vision\HandGesturePresentationController\Dataset_roboflow\train\IMG_20251211_151419_jpg.rf.f844d73c0102bc94a090b4ec0574693c.jpg,185,182,350,241,c:/Users/Lenovo/Documents/CODING/Python/computer_vision/HandGesturePresentationController/dataset_final/train/previous/train_previous_IMG_20251211_151419_jpg.rf.f844d73c0102bc94a090b4ec0574693c_172_178_363_245.jpg
train,previous,c:\Users\Lenovo\Documents\CODING\Python\computer_vision\HandGesturePresentationController\Dataset_roboflow\train\IMG_20251211_151435_jpg.rf.4fa23c5f8091a0337c8f99695e100913.jpg,69,195,246,263,c:/Users/Lenovo/Documents/CODING/Python/computer_vision/HandGesturePresentationController/dataset_final/train/previous/train_previous_IMG_20251211_151435_jpg.rf.4fa23c5f8091a0337c8f99695e100913_55_190_260_268.jpg
train,previous,c:\Users\Lenovo\Documents\CODING\Python\computer_vision\HandGesturePresentationController\Dataset_roboflow\train\IMG_20251211_151435_jpg.rf.59303b682d86bcf506567d891f772138.jpg,69,195,246,263,c:/Users/Lenovo/Documents/CODING/Python/computer_vision/HandGesturePresentationController/dataset_final/train/previous/train_previous_IMG_20251211_151435_jpg.rf.59303b682d86bcf506567d891f772138_55_190_260_268.jpg
train,previous,c:\Users\Lenovo\Documents\CODING\Python\computer_vision\HandGesturePresentationController\Dataset_roboflow\train\IMG_20251211_151435_jpg.rf.91a6ea4c9cc9d2ebab1c9c475bfad383.jpg,268,195,445,263,c:/Users/Lenovo/Documents/CODING/Python/computer_vision/HandGesturePresentationController/dataset_final/train/previous/train_previous_IMG_20251211_151435_jpg.rf.91a6ea4c9cc9d2ebab1c9c475bfad383_254_190_459_268.jpg
train,next,c:\Users\Lenovo\Documents\CODING\Python\computer_vision\HandGesturePresentationController\Dataset_roboflow\train\IMG_20251211_151513_jpg.rf.3e7dffd3ac734899fa9400a316a7b7f8.jpg,143,169,330,247,c:/Users/Lenovo/Documents/CODING/Python/computer_vision/HandGesturePresentationController/dataset_final/train/next/train_next_IMG_20251211_151513_jpg.rf.3e7dffd3ac734899fa9400a316a7b7f8_129_163_344_253.jpg
train,next,c:\Users\Lenovo\Documents\CODING\Python\computer_vision\HandGesturePresentationController\Dataset_roboflow\train\IMG_20251211_151513_jpg.rf.e8689e31171fa7dd703575c5f3e7b600.jpg,143,169,330,247,c:/Users/Lenovo/Documents/CODING/Python/computer_vision/HandGesturePresentationController/dataset_final/train/next/train_next_IMG_20251211_151513_jpg.rf.e8689e31171fa7dd703575c5f3e7b600_129_163_344_253.jpg
train,next,c:\Users\Lenovo\Documents\CODING\Python\computer_vision\HandGesturePresentationController\Dataset_roboflow\train\IMG_20251211_151513_jpg.rf.fd148c51f6a86940247e5f0d5b4cfbdf.jpg,143,169,330,247,c:/Users/Lenovo/Documents/CODING/Python/computer_vision/HandGesturePresentationController/dataset_final/train/next/train_next_IMG_20251211_151513_jpg.rf.fd148c51f6a86940247e5f0d5b4cfbdf_129_163_344_253.jpg
train,next,c:\Users\Lenovo\Documents\CODING\Python\computer_vision\HandGesturePresentationController\Dataset_roboflow\train\IMG_20251211_151515_jpg.rf.1fc7260ddd22017f9e78667e14a39d08.jpg,142,232,342,311,c:/Users/Lenovo/Documents/CODING/Python/computer_vision/HandGesturePresentationController/dataset_final/train/next/train_next_IMG_20251211_151515_jpg.rf.1fc7260ddd22017f9e78667e14a39d08_126_226_358_317.jpg
train,next,c:\Users\Lenovo\Documents\CODING\Python\computer_vision\HandGesturePresentationController\Dataset_roboflow\train\IMG_20251211_151515_jpg.rf.ae3a3a478a7fedba555783f92c8d0470.jpg,142,232,342,311,c:/Users/Lenovo/Documents/CODING/Python/computer_vision/HandGesturePresentationController/dataset_final/train/next/train_next_IMG_20251211_151515_jpg.rf.ae3a3a478a7fedba555783f92c8d0470_126_226_358_317.jpg
train,next,c:\Users\Lenovo\Documents\CODING\Python\computer_vision\HandGesturePresentationController\Dataset_roboflow\train\IMG_20251211_151515_jpg.rf.e51cd26786136d05fcf73fcf43409146.jpg,142,232,342,311,c:/Users/Lenovo/Documents/CODING/Python/computer_vision/HandGesturePresentationController/dataset_final/train/next/train_next_IMG_20251211_151515_jpg.rf.e51cd26786136d05fcf73fcf43409146_126_226_358_317.jpg
train,next,c:\Users\Lenovo\Documents\CODING\Python\computer_vision\HandGesturePresentationController\Dataset_roboflow\train\IMG_20251211_151525_jpg.rf.1df9b61c0534982a1cab21ff7e9b8f45.jpg,157,228,310,282,c:/Users/Lenovo/Documents/CODING/Python/computer_vision/HandGesturePresentationController/dataset_final/train/next/train_next_IMG_20251211_151525_jpg.rf.1df9b61c0534982a1cab21ff7e9b8f45_145_224_322_286.jpg
train,next,c:\Users\Lenovo\Documents\CODING\Python\computer_vision\HandGesturePresentationController\Dataset_roboflow\train\IMG_20251211_151525_jpg.rf.1eb002c76489ae4f159fbbc8b677120a.jpg,157,228,310,282,c:/Users/Lenovo/Documents/CODING/Python/computer_vision/HandGesturePresentationController/dataset_final/train/next/train_next_IMG_20251211_151525_jpg.rf.1eb002c76489ae4f159fbbc8b677120a_145_224_322_286.jpg
train,next,c:\Users\Lenovo\Documents\CODING\Python\computer_vision\HandGesturePresentationController\Dataset_roboflow\train\IMG_20251211_151525_jpg.rf.c7a601a8c515fafbfcd0c6609f58b9db.jpg,204,228,357,282,c:/Users/Lenovo/Documents/CODING/Python/computer_vision/HandGesturePresentationController/dataset_final/train/next/train_next_IMG_20251211_151525_jpg.rf.c7a601a8c515fafbfcd0c6609f58b9db_192_224_369_286.jpg
train,next,c:\Users\Lenovo\Documents\CODING\Python\computer_vision\HandGesturePresentationController\Dataset_roboflow\train\IMG_20251211_151538_jpg.rf.21f480013484277f8df92375ba5c9b03.jpg,155,170,328,238,c:/Users/Lenovo/Documents/CODING/Python/computer_vision/HandGesturePresentationController/dataset_final/train/next/train_next_IMG_20251211_151538_jpg.rf.21f480013484277f8df92375ba5c9b03_142_165_341_243.jpg
train,next,c:\Users\Lenovo\Documents\CODING\Python\computer_vision\HandGesturePresentationController\Dataset_roboflow\train\IMG_20251211_151538_jpg.rf.324f15b5256ba00daa13043fd7ddd21e.jpg,186,170,359,238,c:/Users/Lenovo/Documents/CODING/Python/computer_vision/HandGesturePresentationController/dataset_final/train/next/train_next_IMG_20251211_151538_jpg.rf.324f15b5256ba00daa13043fd7ddd21e_173_165_372_243.jpg
train,next,c:\Users\Lenovo\Documents\CODING\Python\computer_vision\HandGesturePresentationController\Dataset_roboflow\train\IMG_20251211_151538_jpg.rf.e8ddaf3e1cd2df42a0c2683a37575ef8.jpg,186,170,359,238,c:/Users/Lenovo/Documents/CODING/Python/computer_vision/HandGesturePresentationController/dataset_final/train/next/train_next_IMG_20251211_151538_jpg.rf.e8ddaf3e1cd2df42a0c2683a37575ef8_173_165_372_243.jpg
train,next,c:\Users\Lenovo\Documents\CODING\Python\computer_vision\HandGesturePresentationController\Dataset_roboflow\train\IMG_20251211_151542_jpg.rf.4f856e9df7beee8837d7845d2fefb514.jpg,168,239,379,309,c:/Users/Lenovo/Documents/CODING/Python/computer_vision/HandGesturePresentationController/dataset_final/train/next/train_next_IMG_20251211_151542_jpg.rf.4f856e9df7beee8837d7845d2fefb514_152_234_395_314.jpg
train,next,c:\Users\Lenovo\Documents\CODING\Python\computer_vision\HandGesturePresentationController\Dataset_roboflow\train\IMG_20251211_151542_jpg.rf.7b7daf27beb7c01c9696c2b0dca12e3e.jpg,135,239,346,309,c:/Users/Lenovo/Documents/CODING/Python/computer_vision/HandGesturePresentationController/dataset_final/train/next/train_next_IMG_20251211_151542_jpg.rf.7b7daf27beb7c01c9696c2b0dca12e3e_119_234_362_314.jpg
train,next,c:\Users\Lenovo\Documents\CODING\Python\computer_vision\HandGesturePresentationController\Dataset_roboflow\train\IMG_20251211_151542_jpg.rf.a9853f36211e5228960db120aa13bfdd.jpg,135,239,346,309,c:/Users/Lenovo/Documents/CODING/Python/computer_vision/HandGesturePresentationController/dataset_final/train/next/train_next_IMG_20251211_151542_jpg.rf.a9853f36211e5228960db120aa13bfdd_119_234_362_314.jpg
train,next,c:\Users\Lenovo\Documents\CODING\Python\computer_vision\HandGesturePresentationController\Dataset_roboflow\train\IMG_20251211_151552_jpg.rf.134e0cc5cb4504b42707fed034af3b0d.jpg,41,156,196,221,c:/Users/Lenovo/Documents/CODING/Python/computer_vision/HandGesturePresentationController/dataset_final/train/next/train_next_IMG_20251211_151552_jpg.rf.134e0cc5cb4504b42707fed034af3b0d_29_151_208_226.jpg
train,next,c:\Users\Lenovo\Documents\CODING\Python\computer_vision\HandGesturePresentationController\Dataset_roboflow\train\IMG_20251211_151552_jpg.rf.d80e1d31ddc05405adf1ff996c25973c.jpg,41,156,196,221,c:/Users/Lenovo/Documents/CODING/Python/computer_vision/HandGesturePresentationController/dataset_final/train/next/train_next_IMG_20251211_151552_jpg.rf.d80e1d31ddc05405adf1ff996c25973c_29_151_208_226.jpg
train,next,c:\Users\Lenovo\Documents\CODING\Python\computer_vision\HandGesturePresentationController\Dataset_roboflow\train\IMG_20251211_151552_jpg.rf.fa73a75d5c87ae032a2e716b0683ae2e.jpg,41,156,196,221,c:/Users/Lenovo/Documents/CODING/Python/computer_vision/HandGesturePresentationController/dataset_final/train/next/train_next_IMG_20251211_151552_jpg.rf.fa73a75d5c87ae032a2e716b0683ae2e_29_151_208_226.jpg
train,next,c:\Users\Lenovo\Documents\CODING\Python\computer_vision\HandGesturePresentationController\Dataset_roboflow\train\IMG_20251211_151605_jpg.rf.18b8bf41f7c8f64601166e7f7862c3ef.jpg,147,239,302,307,c:/Users/Lenovo/Documents/CODING/Python/computer_vision/HandGesturePresentationController/dataset_final/train/next/train_next_IMG_20251211_151605_jpg.rf.18b8bf41f7c8f64601166e7f7862c3ef_135_234_314_312.jpg
train,next,c:\Users\Lenovo\Documents\CODING\Python\computer_vision\HandGesturePresentationController\Dataset_roboflow\train\IMG_20251211_151605_jpg.rf.1b09a8e087a371ecc95043b19fff451b.jpg,213,239,368,307,c:/Users/Lenovo/Documents/CODING/Python/computer_vision/HandGesturePresentationController/dataset_final/train/next/train_next_IMG_20251211_151605_jpg.rf.1b09a8e087a371ecc95043b19fff451b_201_234_380_312.jpg
train,next,c:\Users\Lenovo\Documents\CODING\Python\computer_vision\HandGesturePresentationController\Dataset_roboflow\train\IMG_20251211_151605_jpg.rf.d993c9aaee7bbf7fb07d5d7ff7af2d28.jpg,213,239,368,307,c:/Users/Lenovo/Documents/CODING/Python/computer_vision/HandGesturePresentationController/dataset_final/train/next/train_next_IMG_20251211_151605_jpg.rf.d993c9aaee7bbf7fb07d5d7ff7af2d28_201_234_380_312.jpg
train,next,c:\Users\Lenovo\Documents\CODING\Python\computer_vision\HandGesturePresentationController\Dataset_roboflow\train\IMG_20251211_151623_jpg.rf.bfc125c43830206a0373ac2d2fd8b245.jpg,327,265,502,329,c:/Users/Lenovo/Documents/CODING/Python/computer_vision/HandGesturePresentationController/dataset_final/train/next/train_next_IMG_20251211_151623_jpg.rf.bfc125c43830206a0373ac2d2fd8b245_313_260_512_334.jpg
train,next,c:\Users\Lenovo\Documents\CODING\Python\computer_vision\HandGesturePresentationController\Dataset_roboflow\train\IMG_20251211_151623_jpg.rf.e9b5be69d909dec390b16b14b4a3a4aa.jpg,327,265,502,329,c:/Users/Lenovo/Documents/CODING/Python/computer_vision/HandGesturePresentationController/dataset_final/train/next/train_next_IMG_20251211_151623_jpg.rf.e9b5be69d909dec390b16b14b4a3a4aa_313_260_512_334.jpg
train,next,c:\Users\Lenovo\Documents\CODING\Python\computer_vision\HandGesturePresentationController\Dataset_roboflow\train\IMG_20251211_151623_jpg.rf.ed95c9c1d7460d3e1ced5813fd26cc49.jpg,327,265,502,329,c:/Users/Lenovo/Documents/CODING/Python/computer_vision/HandGesturePresentationController/dataset_final/train/next/train_next_IMG_20251211_151623_jpg.rf.ed95c9c1d7460d3e1ced5813fd26cc49_313_260_512_334.jpg
train,next,c:\Users\Lenovo\Documents\CODING\Python\computer_vision\HandGesturePresentationController\Dataset_roboflow\train\IMG_20251211_151631_jpg.rf.609ec7bd6aadfa4e98e86255d01a1968.jpg,223,120,409,198,c:/Users/Lenovo/Documents/CODING/Python/computer_vision/HandGesturePresentationController/dataset_final/train/next/train_next_IMG_20251211_151631_jpg.rf.609ec7bd6aadfa4e98e86255d01a1968_209_114_423_204.jpg
train,next,c:\Users\Lenovo\Documents\CODING\Python\computer_vision\HandGesturePresentationController\Dataset_roboflow\train\IMG_20251211_151631_jpg.rf.9ad12ecbc7f4267c90114f188f48b1b8.jpg,106,120,292,198,c:/Users/Lenovo/Documents/CODING/Python/computer_vision/HandGesturePresentationController/dataset_final/train/next/train_next_IMG_20251211_151631_jpg.rf.9ad12ecbc7f4267c90114f188f48b1b8_92_114_306_204.jpg
train,next,c:\Users\Lenovo\Documents\CODING\Python\computer_vision\HandGesturePresentationController\Dataset_roboflow\train\IMG_20251211_151631_jpg.rf.c0f626ba9fec00756a270d9a356b1af1.jpg,106,120,292,198,c:/Users/Lenovo/Documents/CODING/Python/computer_vision/HandGesturePresentationController/dataset_final/train/next/train_next_IMG_20251211_151631_jpg.rf.c0f626ba9fec00756a270d9a356b1af1_92_114_306_204.jpg
train,previous,c:\Users\Lenovo\Documents\CODING\Python\computer_vision\HandGesturePresentationController\Dataset_roboflow\train\IMG_20251211_151650_jpg.rf.2f082a10da9b5dada5aaf7f5052a6134.jpg,126,166,283,219,c:/Users/Lenovo/Documents/CODING/Python/computer_vision/HandGesturePresentationController/dataset_final/train/previous/train_previous_IMG_20251211_151650_jpg.rf.2f082a10da9b5dada5aaf7f5052a6134_114_162_295_223.jpg
train,previous,c:\Users\Lenovo\Documents\CODING\Python\computer_vision\HandGesturePresentationController\Dataset_roboflow\train\IMG_20251211_151650_jpg.rf.32b9c5936944f6380c1f99db6b9da8bc.jpg,126,166,283,219,c:/Users/Lenovo/Documents/CODING/Python/computer_vision/HandGesturePresentationController/dataset_final/train/previous/train_previous_IMG_20251211_151650_jpg.rf.32b9c5936944f6380c1f99db6b9da8bc_114_162_295_223.jpg
train,previous,c:\Users\Lenovo\Documents\CODING\Python\computer_vision\HandGesturePresentationController\Dataset_roboflow\train\IMG_20251211_151650_jpg.rf.d7572aa49d640fafd9c0827abab8f9e6.jpg,126,166,283,219,c:/Users/Lenovo/Documents/CODING/Python/computer_vision/HandGesturePresentationController/dataset_final/train/previous/train_previous_IMG_20251211_151650_jpg.rf.d7572aa49d640fafd9c0827abab8f9e6_114_162_295_223.jpg
train,previous,c:\Users\Lenovo\Documents\CODING\Python\computer_vision\HandGesturePresentationController\Dataset_roboflow\train\IMG_20251211_151654_jpg.rf.a3b16ac8726197c04b4b458fb90b602d.jpg,292,181,415,238,c:/Users/Lenovo/Documents/CODING/Python/computer_vision/HandGesturePresentationController/dataset_final/train/previous/train_previous_IMG_20251211_151654_jpg.rf.a3b16ac8726197c04b4b458fb90b602d_283_177_424_242.jpg
train,previous,c:\Users\Lenovo\Documents\CODING\Python\computer_vision\HandGesturePresentationController\Dataset_roboflow\train\IMG_20251211_151654_jpg.rf.a72385bf559c7733794750b1f28d6970.jpg,292,181,415,238,c:/Users/Lenovo/Documents/CODING/Python/computer_vision/HandGesturePresentationController/dataset_final/train/previous/train_previous_IMG_20251211_151654_jpg.rf.a72385bf559c7733794750b1f28d6970_283_177_424_242.jpg
train,previous,c:\Users\Lenovo\Documents\CODING\Python\computer_vision\HandGesturePresentationController\Dataset_roboflow\train\IMG_20251211_151654_jpg.rf.ae69893c0629ccfdfa12c76b047eadf4.jpg,292,181,415,238,c:/Users/Lenovo/Documents/CODING/Python/computer_vision/HandGesturePresentationController/dataset_final/train/previous/train_previous_IMG_20251211_151654_jpg.rf.ae69893c0629ccfdfa12c76b047eadf4_283_177_424_242.jpg
train,previous,c:\Users\Lenovo\Documents\CODING\Python\computer_vision\HandGesturePresentationController\Dataset_roboflow\train\IMG_20251211_151659_jpg.rf.4340c216741adf7162a6a5e32757be8a.jpg,186,226,331,292,c:/Users/Lenovo/Documents/CODING/Python/computer_vision/HandGesturePresentationController/dataset_final/train/previous/train_previous_IMG_20251211_151659_jpg.rf.4340c216741adf7162a6a5e32757be8a_175_221_342_297.jpg
train,previous,c:\Users\Lenovo\Documents\CODING\Python\computer_vision\HandGesturePresentationController\Dataset_roboflow\train\IMG_20251211_151659_jpg.rf.4de2ec60bdf76c88a3dce5f1e57164b9.jpg,186,226,331,292,c:/Users/Lenovo/Documents/CODING/Python/computer_vision/HandGesturePresentationController/dataset_final/train/previous/train_previous_IMG_20251211_151659_jpg.rf.4de2ec60bdf76c88a3dce5f1e57164b9_175_221_342_297.jpg
train,previous,c:\Users\Lenovo\Documents\CODING\Python\computer_vision\HandGesturePresentationController\Dataset_roboflow\train\IMG_20251211_151659_jpg.rf.e56efa8d672f47e306f2b1d8460141f2.jpg,186,226,331,292,c:/Users/Lenovo/Documents/CODING/Python/computer_vision/HandGesturePresentationController/dataset_final/train/previous/train_previous_IMG_20251211_151659_jpg.rf.e56efa8d672f47e306f2b1d8460141f2_175_221_342_297.jpg
train,previous,c:\Users\Lenovo\Documents\CODING\Python\computer_vision\HandGesturePresentationController\Dataset_roboflow\train\IMG_20251211_151720_jpg.rf.9d148e9390e4e9780dd0c34c266e94c3.jpg,154,147,308,195,c:/Users/Lenovo/Documents/CODING/Python/computer_vision/HandGesturePresentationController/dataset_final/train/previous/train_previous_IMG_20251211_151720_jpg.rf.9d148e9390e4e9780dd0c34c266e94c3_142_144_320_198.jpg
train,previous,c:\Users\Lenovo\Documents\CODING\Python\computer_vision\HandGesturePresentationController\Dataset_roboflow\train\IMG_20251211_151720_jpg.rf.9fe1fb319e1150e4bb2936c9612d637e.jpg,154,147,308,195,c:/Users/Lenovo/Documents/CODING/Python/computer_vision/HandGesturePresentationController/dataset_final/train/previous/train_previous_IMG_20251211_151720_jpg.rf.9fe1fb319e1150e4bb2936c9612d637e_142_144_320_198.jpg
train,previous,c:\Users\Lenovo\Documents\CODING\Python\computer_vision\HandGesturePresentationController\Dataset_roboflow\train\IMG_20251211_151720_jpg.rf.ae7ea912ef2ba60aaab57905da9b1f34.jpg,207,147,361,195,c:/Users/Lenovo/Documents/CODING/Python/computer_vision/HandGesturePresentationController/dataset_final/train/previous/train_previous_IMG_20251211_151720_jpg.rf.ae7ea912ef2ba60aaab57905da9b1f34_195_144_373_198.jpg
train,previous,c:\Users\Lenovo\Documents\CODING\Python\computer_vision\HandGesturePresentationController\Dataset_roboflow\train\IMG_20251211_151724_jpg.rf.5bba7b3aea9c6f7422787714bddbbefe.jpg,194,185,335,243,c:/Users/Lenovo/Documents/CODING/Python/computer_vision/HandGesturePresentationController/dataset_final/train/previous/train_previous_IMG_20251211_151724_jpg.rf.5bba7b3aea9c6f7422787714bddbbefe_183_181_346_247.jpg
train,previous,c:\Users\Lenovo\Documents\CODING\Python\computer_vision\HandGesturePresentationController\Dataset_roboflow\train\IMG_20251211_151724_jpg.rf.76cb0db68fd58a2c11d4b2fcdaaf7598.jpg,179,185,320,243,c:/Users/Lenovo/Documents/CODING/Python/computer_vision/HandGesturePresentationController/dataset_final/train/previous/train_previous_IMG_20251211_151724_jpg.rf.76cb0db68fd58a2c11d4b2fcdaaf7598_168_181_331_247.jpg
train,previous,c:\Users\Lenovo\Documents\CODING\Python\computer_vision\HandGesturePresentationController\Dataset_roboflow\train\IMG_20251211_151724_jpg.rf.ff16dfe493b3e4d0f13d94ef2c45c601.jpg,194,185,335,243,c:/Users/Lenovo/Documents/CODING/Python/computer_vision/HandGesturePresentationController/dataset_final/train/previous/train_previous_IMG_20251211_151724_jpg.rf.ff16dfe493b3e4d0f13d94ef2c45c601_183_181_346_247.jpg
train,previous,c:\Users\Lenovo\Documents\CODING\Python\computer_vision\HandGesturePresentationController\Dataset_roboflow\train\IMG_20251211_151737_jpg.rf.18a51794d79a45ad85b6b28e18cfb5e3.jpg,330,158,450,207,c:/Users/Lenovo/Documents/CODING/Python/computer_vision/HandGesturePresentationController/dataset_final/train/previous/train_previous_IMG_20251211_151737_jpg.rf.18a51794d79a45ad85b6b28e18cfb5e3_321_155_459_210.jpg
train,previous,c:\Users\Lenovo\Documents\CODING\Python\computer_vision\HandGesturePresentationController\Dataset_roboflow\train\IMG_20251211_151737_jpg.rf.83828d4becef7babba8c5e4b58339554.jpg,64,158,184,207,c:/Users/Lenovo/Documents/CODING/Python/computer_vision/HandGesturePresentationController/dataset_final/train/previous/train_previous_IMG_20251211_151737_jpg.rf.83828d4becef7babba8c5e4b58339554_55_155_193_210.jpg
train,previous,c:\Users\Lenovo\Documents\CODING\Python\computer_vision\HandGesturePresentationController\Dataset_roboflow\train\IMG_20251211_151737_jpg.rf.bf2bd4129edc5901f6e180a2b69c62f8.jpg,64,158,184,207,c:/Users/Lenovo/Documents/CODING/Python/computer_vision/HandGesturePresentationController/dataset_final/train/previous/train_previous_IMG_20251211_151737_jpg.rf.bf2bd4129edc5901f6e180a2b69c62f8_55_155_193_210.jpg
train,previous,c:\Users\Lenovo\Documents\CODING\Python\computer_vision\HandGesturePresentationController\Dataset_roboflow\train\IMG_20251211_151750_jpg.rf.3be57dd5a92f3a61c1ebd586990572ef.jpg,305,156,463,217,c:/Users/Lenovo/Documents/CODING/Python/computer_vision/HandGesturePresentationController/dataset_final/train/previous/train_previous_IMG_20251211_151750_jpg.rf.3be57dd5a92f3a61c1ebd586990572ef_293_152_475_221.jpg
train,previous,c:\Users\Lenovo\Documents\CODING\Python\computer_vision\HandGesturePresentationController\Dataset_roboflow\train\IMG_20251211_151750_jpg.rf.3f2cd370680c5737a3c771a5a6b5b13d.jpg,305,156,463,217,c:/Users/Lenovo/Documents/CODING/Python/computer_vision/HandGesturePresentationController/dataset_final/train/previous/train_previous_IMG_20251211_151750_jpg.rf.3f2cd370680c5737a3c771a5a6b5b13d_293_152_475_221.jpg
train,previous,c:\Users\Lenovo\Documents\CODING\Python\computer_vision\HandGesturePresentationController\Dataset_roboflow\train\IMG_20251211_151750_jpg.rf.f480f3b9e2976f7084ccaf24809e013d.jpg,51,156,209,217,c:/Users/Lenovo/Documents/CODING/Python/computer_vision/HandGesturePresentationController/dataset_final/train/previous/train_previous_IMG_20251211_151750_jpg.rf.f480f3b9e2976f7084ccaf24809e013d_39_152_221_221.jpg
train,previous,c:\Users\Lenovo\Documents\CODING\Python\computer_vision\HandGesturePresentationController\Dataset_roboflow\train\IMG_20251211_151755_jpg.rf.38b9b78ab7e5195478a7d1770a8a0b62.jpg,188,164,331,219,c:/Users/Lenovo/Documents/CODING/Python/computer_vision/HandGesturePresentationController/dataset_final/train/previous/train_previous_IMG_20251211_151755_jpg.rf.38b9b78ab7e5195478a7d1770a8a0b62_177_160_342_223.jpg
train,previous,c:\Users\Lenovo\Documents\CODING\Python\computer_vision\HandGesturePresentationController\Dataset_roboflow\train\IMG_20251211_151755_jpg.rf.ca300ed84258de1037facad67ad367c7.jpg,183,164,326,219,c:/Users/Lenovo/Documents/CODING/Python/computer_vision/HandGesturePresentationController/dataset_final/train/previous/train_previous_IMG_20251211_151755_jpg.rf.ca300ed84258de1037facad67ad367c7_172_160_337_223.jpg
train,previous,c:\Users\Lenovo\Documents\CODING\Python\computer_vision\HandGesturePresentationController\Dataset_roboflow\train\IMG_20251211_151755_jpg.rf.d5115e97daa95e085cd189659967c585.jpg,188,164,331,219,c:/Users/Lenovo/Documents/CODING/Python/computer_vision/HandGesturePresentationController/dataset_final/train/previous/train_previous_IMG_20251211_151755_jpg.rf.d5115e97daa95e085cd189659967c585_177_160_342_223.jpg
train,next,c:\Users\Lenovo\Documents\CODING\Python\computer_vision\HandGesturePresentationController\Dataset_roboflow\train\IMG_20251211_151921_jpg.rf.a677b8281bc0765bf01a10c7a1fe76ed.jpg,144,224,348,303,c:/Users/Lenovo/Documents/CODING/Python/computer_vision/HandGesturePresentationController/dataset_final/train/next/train_next_IMG_20251211_151921_jpg.rf.a677b8281bc0765bf01a10c7a1fe76ed_128_218_364_309.jpg
train,next,c:\Users\Lenovo\Documents\CODING\Python\computer_vision\HandGesturePresentationController\Dataset_roboflow\train\IMG_20251211_151921_jpg.rf.a7255f457853b890c732c21cd99ce639.jpg,166,224,370,303,c:/Users/Lenovo/Documents/CODING/Python/computer_vision/HandGesturePresentationController/dataset_final/train/next/train_next_IMG_20251211_151921_jpg.rf.a7255f457853b890c732c21cd99ce639_150_218_386_309.jpg
train,next,c:\Users\Lenovo\Documents\CODING\Python\computer_vision\HandGesturePresentationController\Dataset_roboflow\train\IMG_20251211_151921_jpg.rf.ee17b05c0555a1b1370441799c6997f7.jpg,166,224,370,303,c:/Users/Lenovo/Documents/CODING/Python/computer_vision/HandGesturePresentationController/dataset_final/train/next/train_next_IMG_20251211_151921_jpg.rf.ee17b05c0555a1b1370441799c6997f7_150_218_386_309.jpg
train,next,c:\Users\Lenovo\Documents\CODING\Python\computer_vision\HandGesturePresentationController\Dataset_roboflow\train\IMG_20251211_151928_jpg.rf.4a5f6f916d1247d1fca0dc944fda25ca.jpg,129,318,337,412,c:/Users/Lenovo/Documents/CODING/Python/computer_vision/HandGesturePresentationController/dataset_final/train/next/train_next_IMG_20251211_151928_jpg.rf.4a5f6f916d1247d1fca0dc944fda25ca_113_311_353_419.jpg
train,next,c:\Users\Lenovo\Documents\CODING\Python\computer_vision\HandGesturePresentationController\Dataset_roboflow\train\IMG_20251211_151928_jpg.rf.68fb9b215a9c053618d9283d6b78d686.jpg,177,318,385,412,c:/Users/Lenovo/Documents/CODING/Python/computer_vision/HandGesturePresentationController/dataset_final/train/next/train_next_IMG_20251211_151928_jpg.rf.68fb9b215a9c053618d9283d6b78d686_161_311_401_419.jpg
train,next,c:\Users\Lenovo\Documents\CODING\Python\computer_vision\HandGesturePresentationController\Dataset_roboflow\train\IMG_20251211_151928_jpg.rf.d8026342e92fd58a3666b2ce0f0797b4.jpg,177,318,385,412,c:/Users/Lenovo/Documents/CODING/Python/computer_vision/HandGesturePresentationController/dataset_final/train/next/train_next_IMG_20251211_151928_jpg.rf.d8026342e92fd58a3666b2ce0f0797b4_161_311_401_419.jpg
train,next,c:\Users\Lenovo\Documents\CODING\Python\computer_vision\HandGesturePresentationController\Dataset_roboflow\train\IMG_20251211_151936_jpg.rf.6fe147b3e3104b30e8baeee9d2b4dda5.jpg,112,174,319,259,c:/Users/Lenovo/Documents/CODING/Python/computer_vision/HandGesturePresentationController/dataset_final/train/next/train_next_IMG_20251211_151936_jpg.rf.6fe147b3e3104b30e8baeee9d2b4dda5_96_168_335_265.jpg
train,next,c:\Users\Lenovo\Documents\CODING\Python\computer_vision\HandGesturePresentationController\Dataset_roboflow\train\IMG_20251211_151936_jpg.rf.7654735ca81aeab49d683b477335ca85.jpg,196,174,403,259,c:/Users/Lenovo/Documents/CODING/Python/computer_vision/HandGesturePresentationController/dataset_final/train/next/train_next_IMG_20251211_151936_jpg.rf.7654735ca81aeab49d683b477335ca85_180_168_419_265.jpg
train,next,c:\Users\Lenovo\Documents\CODING\Python\computer_vision\HandGesturePresentationController\Dataset_roboflow\train\IMG_20251211_151936_jpg.rf.8d802dc9d8eb5b52c5d6128a26c8f6b7.jpg,112,174,319,259,c:/Users/Lenovo/Documents/CODING/Python/computer_vision/HandGesturePresentationController/dataset_final/train/next/train_next_IMG_20251211_151936_jpg.rf.8d802dc9d8eb5b52c5d6128a26c8f6b7_96_168_335_265.jpg
train,next,c:\Users\Lenovo\Documents\CODING\Python\computer_vision\HandGesturePresentationController\Dataset_roboflow\train\IMG_20251211_151946_jpg.rf.1436940269eb557a06203c69329b2b7d.jpg,207,254,449,359,c:/Users/Lenovo/Documents/CODING/Python/computer_vision/HandGesturePresentationController/dataset_final/train/next/train_next_IMG_20251211_151946_jpg.rf.1436940269eb557a06203c69329b2b7d_188_246_468_367.jpg
train,next,c:\Users\Lenovo\Documents\CODING\Python\computer_vision\HandGesturePresentationController\Dataset_roboflow\train\IMG_20251211_151946_jpg.rf.64d544e02654a2b721853bd84ed5ddbd.jpg,65,254,307,359,c:/Users/Lenovo/Documents/CODING/Python/computer_vision/HandGesturePresentationController/dataset_final/train/next/train_next_IMG_20251211_151946_jpg.rf.64d544e02654a2b721853bd84ed5ddbd_46_246_326_367.jpg
train,next,c:\Users\Lenovo\Documents\CODING\Python\computer_vision\HandGesturePresentationController\Dataset_roboflow\train\IMG_20251211_151946_jpg.rf.f4b3a649b3a590be3772d7316c0c82e2.jpg,207,254,449,359,c:/Users/Lenovo/Documents/CODING/Python/computer_vision/HandGesturePresentationController/dataset_final/train/next/train_next_IMG_20251211_151946_jpg.rf.f4b3a649b3a590be3772d7316c0c82e2_188_246_468_367.jpg
train,next,c:\Users\Lenovo\Documents\CODING\Python\computer_vision\HandGesturePresentationController\Dataset_roboflow\train\IMG_20251211_151955_jpg.rf.8cd42d4ed8929581d349993a567ad47e.jpg,225,323,443,405,c:/Users/Lenovo/Documents/CODING/Python/computer_vision/HandGesturePresentationController/dataset_final/train/next/train_next_IMG_20251211_151955_jpg.rf.8cd42d4ed8929581d349993a567ad47e_208_317_460_411.jpg
train,next,c:\Users\Lenovo\Documents\CODING\Python\computer_vision\HandGesturePresentationController\Dataset_roboflow\train\IMG_20251211_151955_jpg.rf.cddf9ca01c361131a258aca48100e527.jpg,225,323,443,405,c:/Users/Lenovo/Documents/CODING/Python/computer_vision/HandGesturePresentationController/dataset_final/train/next/train_next_IMG_20251211_151955_jpg.rf.cddf9ca01c361131a258aca48100e527_208_317_460_411.jpg
train,next,c:\Users\Lenovo\Documents\CODING\Python\computer_vision\HandGesturePresentationController\Dataset_roboflow\train\IMG_20251211_151955_jpg.rf.f83ca5101dd3e9c57face09e0bd874d4.jpg,225,323,443,405,c:/Users/Lenovo/Documents/CODING/Python/computer_vision/HandGesturePresentationController/dataset_final/train/next/train_next_IMG_20251211_151955_jpg.rf.f83ca5101dd3e9c57face09e0bd874d4_208_317_460_411.jpg
train,next,c:\Users\Lenovo\Documents\CODING\Python\computer_vision\HandGesturePresentationController\Dataset_roboflow\train\IMG_20251211_152009_jpg.rf.a91746cb1fa73add9cbca7e7ee748756.jpg,13,237,202,311,c:/Users/Lenovo/Documents/CODING/Python/computer_vision/HandGesturePresentationController/dataset_final/train/next/train_next_IMG_20251211_152009_jpg.rf.a91746cb1fa73add9cbca7e7ee748756_0_232_217_316.jpg
train,next,c:\Users\Lenovo\Documents\CODING\Python\computer_vision\HandGesturePresentationController\Dataset_roboflow\train\IMG_20251211_152009_jpg.rf.aac93d40c03611ebc8c2bc3b051c090b.jpg,312,237,501,311,c:/Users/Lenovo/Documents/CODING/Python/computer_vision/HandGesturePresentationController/dataset_final/train/next/train_next_IMG_20251211_152009_jpg.rf.aac93d40c03611ebc8c2bc3b051c090b_297_232_512_316.jpg
train,next,c:\Users\Lenovo\Documents\CODING\Python\computer_vision\HandGesturePresentationController\Dataset_roboflow\train\IMG_20251211_152009_jpg.rf.e0a49c35d674b53af80c2bfc00af6737.jpg,312,237,501,311,c:/Users/Lenovo/Documents/CODING/Python/computer_vision/HandGesturePresentationController/dataset_final/train/next/train_next_IMG_20251211_152009_jpg.rf.e0a49c35d674b53af80c2bfc00af6737_297_232_512_316.jpg
train,next,c:\Users\Lenovo\Documents\CODING\Python\computer_vision\HandGesturePresentationController\Dataset_roboflow\train\IMG_20251211_152024_jpg.rf.11f305521007ea6067fcbdfc26521211.jpg,112,175,355,268,c:/Users/Lenovo/Documents/CODING/Python/computer_vision/HandGesturePresentationController/dataset_final/train/next/train_next_IMG_20251211_152024_jpg.rf.11f305521007ea6067fcbdfc26521211_93_168_374_275.jpg
train,next,c:\Users\Lenovo\Documents\CODING\Python\computer_vision\HandGesturePresentationController\Dataset_roboflow\train\IMG_20251211_152024_jpg.rf.b9f985d2390f647f414b6e900db67899.jpg,112,175,355,268,c:/Users/Lenovo/Documents/CODING/Python/computer_vision/HandGesturePresentationController/dataset_final/train/next/train_next_IMG_20251211_152024_jpg.rf.b9f985d2390f647f414b6e900db67899_93_168_374_275.jpg
train,next,c:\Users\Lenovo\Documents\CODING\Python\computer_vision\HandGesturePresentationController\Dataset_roboflow\train\IMG_20251211_152024_jpg.rf.e2371e712c6eb47a5860a07d2942a8d7.jpg,159,175,402,268,c:/Users/Lenovo/Documents/CODING/Python/computer_vision/HandGesturePresentationController/dataset_final/train/next/train_next_IMG_20251211_152024_jpg.rf.e2371e712c6eb47a5860a07d2942a8d7_140_168_421_275.jpg
train,next,c:\Users\Lenovo\Documents\CODING\Python\computer_vision\HandGesturePresentationController\Dataset_roboflow\train\IMG_20251211_152032_jpg.rf.36eac26c7c6a45310f5c9e7d3ed35dc0.jpg,60,281,342,388,c:/Users/Lenovo/Documents/CODING/Python/computer_vision/HandGesturePresentationController/dataset_final/train/next/train_next_IMG_20251211_152032_jpg.rf.36eac26c7c6a45310f5c9e7d3ed35dc0_38_273_364_396.jpg
train,next,c:\Users\Lenovo\Documents\CODING\Python\computer_vision\HandGesturePresentationController\Dataset_roboflow\train\IMG_20251211_152032_jpg.rf.5d521d3b64a3127a26957ef84e911d30.jpg,172,281,454,388,c:/Users/Lenovo/Documents/CODING/Python/computer_vision/HandGesturePresentationController/dataset_final/train/next/train_next_IMG_20251211_152032_jpg.rf.5d521d3b64a3127a26957ef84e911d30_150_273_476_396.jpg
train,next,c:\Users\Lenovo\Documents\CODING\Python\computer_vision\HandGesturePresentationController\Dataset_roboflow\train\IMG_20251211_152032_jpg.rf.f53b4eb6f9b7f04558e12df6f493bff9.jpg,60,281,342,388,c:/Users/Lenovo/Documents/CODING/Python/computer_vision/HandGesturePresentationController/dataset_final/train/next/train_next_IMG_20251211_152032_jpg.rf.f53b4eb6f9b7f04558e12df6f493bff9_38_273_364_396.jpg
train,next,c:\Users\Lenovo\Documents\CODING\Python\computer_vision\HandGesturePresentationController\Dataset_roboflow\train\IMG_20251211_152039_jpg.rf.7cd2e0b9d150d64d2c0665226f318aba.jpg,204,329,458,417,c:/Users/Lenovo/Documents/CODING/Python/computer_vision/HandGesturePresentationController/dataset_final/train/next/train_next_IMG_20251211_152039_jpg.rf.7cd2e0b9d150d64d2c0665226f318aba_184_322_478_424.jpg
train,next,c:\Users\Lenovo\Documents\CODING\Python\computer_vision\HandGesturePresentationController\Dataset_roboflow\train\IMG_20251211_152039_jpg.rf.b194ddcba7aa599d060e0373ffa0805e.jpg,204,329,458,417,c:/Users/Lenovo/Documents/CODING/Python/computer_vision/HandGesturePresentationController/dataset_final/train/next/train_next_IMG_20251211_152039_jpg.rf.b194ddcba7aa599d060e0373ffa0805e_184_322_478_424.jpg
train,next,c:\Users\Lenovo\Documents\CODING\Python\computer_vision\HandGesturePresentationController\Dataset_roboflow\train\IMG_20251211_152039_jpg.rf.c91713526d49ced7c34cc43cce28a208.jpg,56,329,310,417,c:/Users/Lenovo/Documents/CODING/Python/computer_vision/HandGesturePresentationController/dataset_final/train/next/train_next_IMG_20251211_152039_jpg.rf.c91713526d49ced7c34cc43cce28a208_36_322_330_424.jpg
train,previous,c:\Users\Lenovo\Documents\CODING\Python\computer_vision\HandGesturePresentationController\Dataset_roboflow\train\IMG_20251211_152102_jpg.rf.6e3dc50fa07852062e8f1d36a63495ec.jpg,160,236,364,315,c:/Users/Lenovo/Documents/CODING/Python/computer_vision/HandGesturePresentationController/dataset_final/train/previous/train_previous_IMG_20251211_152102_jpg.rf.6e3dc50fa07852062e8f1d36a63495ec_144_230_380_321.jpg
train,previous,c:\Users\Lenovo\Documents\CODING\Python\computer_vision\HandGesturePresentationController\Dataset_roboflow\train\IMG_20251211_152102_jpg.rf.aabde1bb33e7deed28aa02be45f65fd0.jpg,160,236,364,315,c:/Users/Lenovo/Documents/CODING/Python/computer_vision/HandGesturePresentationController/dataset_final/train/previous/train_previous_IMG_20251211_152102_jpg.rf.aabde1bb33e7deed28aa02be45f65fd0_144_230_380_321.jpg
train,previous,c:\Users\Lenovo\Documents\CODING\Python\computer_vision\HandGesturePresentationController\Dataset_roboflow\train\IMG_20251211_152102_jpg.rf.f972204ed65aa2f350587d4e56c77e79.jpg,150,236,354,315,c:/Users/Lenovo/Documents/CODING/Python/computer_vision/HandGesturePresentationController/dataset_final/train/previous/train_previous_IMG_20251211_152102_jpg.rf.f972204ed65aa2f350587d4e56c77e79_134_230_370_321.jpg
train,previous,c:\Users\Lenovo\Documents\CODING\Python\computer_vision\HandGesturePresentationController\Dataset_roboflow\train\IMG_20251211_152109_jpg.rf.2d487db83391221b96b8edb1cc5ff611.jpg,150,265,327,328,c:/Users/Lenovo/Documents/CODING/Python/computer_vision/HandGesturePresentationController/dataset_final/train/previous/train_previous_IMG_20251211_152109_jpg.rf.2d487db83391221b96b8edb1cc5ff611_136_260_341_333.jpg
train,previous,c:\Users\Lenovo\Documents\CODING\Python\computer_vision\HandGesturePresentationController\Dataset_roboflow\train\IMG_20251211_152109_jpg.rf.56ff046e9c884695435f611cc36df9ec.jpg,150,265,327,328,c:/Users/Lenovo/Documents/CODING/Python/computer_vision/HandGesturePresentationController/dataset_final/train/previous/train_previous_IMG_20251211_152109_jpg.rf.56ff046e9c884695435f611cc36df9ec_136_260_341_333.jpg
train,previous,c:\Users\Lenovo\Documents\CODING\Python\computer_vision\HandGesturePresentationController\Dataset_roboflow\train\IMG_20251211_152109_jpg.rf.b2fac304866fb6d9f1748c7c92104c0d.jpg,187,265,364,328,c:/Users/Lenovo/Documents/CODING/Python/computer_vision/HandGesturePresentationController/dataset_final/train/previous/train_previous_IMG_20251211_152109_jpg.rf.b2fac304866fb6d9f1748c7c92104c0d_173_260_378_333.jpg
train,previous,c:\Users\Lenovo\Documents\CODING\Python\computer_vision\HandGesturePresentationController\Dataset_roboflow\train\IMG_20251211_152117_jpg.rf.0e75d1459c70860fcaffc22fd0be402e.jpg,133,195,352,272,c:/Users/Lenovo/Documents/CODING/Python/computer_vision/HandGesturePresentationController/dataset_final/train/previous/train_previous_IMG_20251211_152117_jpg.rf.0e75d1459c70860fcaffc22fd0be402e_116_189_369_278.jpg
train,previous,c:\Users\Lenovo\Documents\CODING\Python\computer_vision\HandGesturePresentationController\Dataset_roboflow\train\IMG_20251211_152117_jpg.rf.db09f860888ce72f46140c061ce00eac.jpg,133,195,352,272,c:/Users/Lenovo/Documents/CODING/Python/computer_vision/HandGesturePresentationController/dataset_final/train/previous/train_previous_IMG_20251211_152117_jpg.rf.db09f860888ce72f46140c061ce00eac_116_189_369_278.jpg
train,previous,c:\Users\Lenovo\Documents\CODING\Python\computer_vision\HandGesturePresentationController\Dataset_roboflow\train\IMG_20251211_152117_jpg.rf.db62208c210276f1f91440c451c7d5e5.jpg,133,195,352,272,c:/Users/Lenovo/Documents/CODING/Python/computer_vision/HandGesturePresentationController/dataset_final/train/previous/train_previous_IMG_20251211_152117_jpg.rf.db62208c210276f1f91440c451c7d5e5_116_189_369_278.jpg
train,previous,c:\Users\Lenovo\Documents\CODING\Python\computer_vision\HandGesturePresentationController\Dataset_roboflow\train\IMG_20251211_152123_jpg.rf.34afa142d72bc503ba60177ed56f3ee8.jpg,168,259,377,342,c:/Users/Lenovo/Documents/CODING/Python/computer_vision/HandGesturePresentationController/dataset_final/train/previous/train_previous_IMG_20251211_152123_jpg.rf.34afa142d72bc503ba60177ed56f3ee8_152_253_393_348.jpg
train,previous,c:\Users\Lenovo\Documents\CODING\Python\computer_vision\HandGesturePresentationController\Dataset_roboflow\train\IMG_20251211_152123_jpg.rf.7203761bea410f60a887eb7f927b6e25.jpg,138,259,347,342,c:/Users/Lenovo/Documents/CODING/Python/computer_vision/HandGesturePresentationController/dataset_final/train/previous/train_previous_IMG_20251211_152123_jpg.rf.7203761bea410f60a887eb7f927b6e25_122_253_363_348.jpg
train,previous,c:\Users\Lenovo\Documents\CODING\Python\computer_vision\HandGesturePresentationController\Dataset_roboflow\train\IMG_20251211_152123_jpg.rf.fa4fbca6f46a76f6bbd0862319105fcf.jpg,138,259,347,342,c:/Users/Lenovo/Documents/CODING/Python/computer_vision/HandGesturePresentationController/dataset_final/train/previous/train_previous_IMG_20251211_152123_jpg.rf.fa4fbca6f46a76f6bbd0862319105fcf_122_253_363_348.jpg
train,previous,c:\Users\Lenovo\Documents\CODING\Python\computer_vision\HandGesturePresentationController\Dataset_roboflow\train\IMG_20251211_152130_jpg.rf.20cf985f63b53e88b8c79cd34582d697.jpg,193,204,427,293,c:/Users/Lenovo/Documents/CODING/Python/computer_vision/HandGesturePresentationController/dataset_final/train/previous/train_previous_IMG_20251211_152130_jpg.rf.20cf985f63b53e88b8c79cd34582d697_175_197_445_300.jpg
train,previous,c:\Users\Lenovo\Documents\CODING\Python\computer_vision\HandGesturePresentationController\Dataset_roboflow\train\IMG_20251211_152130_jpg.rf.682617009065fbc3594dc962cce38c4c.jpg,87,204,321,293,c:/Users/Lenovo/Documents/CODING/Python/computer_vision/HandGesturePresentationController/dataset_final/train/previous/train_previous_IMG_20251211_152130_jpg.rf.682617009065fbc3594dc962cce38c4c_69_197_339_300.jpg
train,previous,c:\Users\Lenovo\Documents\CODING\Python\computer_vision\HandGesturePresentationController\Dataset_roboflow\train\IMG_20251211_152130_jpg.rf.f8e0267a5a223317350c7d10f67bac39.jpg,193,204,427,293,c:/Users/Lenovo/Documents/CODING/Python/computer_vision/HandGesturePresentationController/dataset_final/train/previous/train_previous_IMG_20251211_152130_jpg.rf.f8e0267a5a223317350c7d10f67bac39_175_197_445_300.jpg
train,previous,c:\Users\Lenovo\Documents\CODING\Python\computer_vision\HandGesturePresentationController\Dataset_roboflow\train\IMG_20251211_152140_jpg.rf.3bee80e423f59bd0fd6de013a7927cd3.jpg,118,181,310,249,c:/Users/Lenovo/Documents/CODING/Python/computer_vision/HandGesturePresentationController/dataset_final/train/previous/train_previous_IMG_20251211_152140_jpg.rf.3bee80e423f59bd0fd6de013a7927cd3_103_176_325_254.jpg
train,previous,c:\Users\Lenovo\Documents\CODING\Python\computer_vision\HandGesturePresentationController\Dataset_roboflow\train\IMG_20251211_152140_jpg.rf.579c59591f4e0c16915af72a7945b63f.jpg,118,181,310,249,c:/Users/Lenovo/Documents/CODING/Python/computer_vision/HandGesturePresentationController/dataset_final/train/previous/train_previous_IMG_20251211_152140_jpg.rf.579c59591f4e0c16915af72a7945b63f_103_176_325_254.jpg
train,previous,c:\Users\Lenovo\Documents\CODING\Python\computer_vision\HandGesturePresentationController\Dataset_roboflow\train\IMG_20251211_152140_jpg.rf.863e99d722337cf01c68588a57af651e.jpg,204,181,396,249,c:/Users/Lenovo/Documents/CODING/Python/computer_vision/HandGesturePresentationController/dataset_final/train/previous/train_previous_IMG_20251211_152140_jpg.rf.863e99d722337cf01c68588a57af651e_189_176_411_254.jpg
train,previous,c:\Users\Lenovo\Documents\CODING\Python\computer_vision\HandGesturePresentationController\Dataset_roboflow\train\IMG_20251211_152146_jpg.rf.016ab372452fb04d82b21b8a26c1f7a4.jpg,99,208,337,291,c:/Users/Lenovo/Documents/CODING/Python/computer_vision/HandGesturePresentationController/dataset_final/train/previous/train_previous_IMG_20251211_152146_jpg.rf.016ab372452fb04d82b21b8a26c1f7a4_80_202_356_297.jpg
train,previous,c:\Users\Lenovo\Documents\CODING\Python\computer_vision\HandGesturePresentationController\Dataset_roboflow\train\IMG_20251211_152146_jpg.rf.8a951fdb8a710eb78f8df68fc10d12a4.jpg,177,208,415,291,c:/Users/Lenovo/Documents/CODING/Python/computer_vision/HandGesturePresentationController/dataset_final/train/previous/train_previous_IMG_20251211_152146_jpg.rf.8a951fdb8a710eb78f8df68fc10d12a4_158_202_434_297.jpg
train,previous,c:\Users\Lenovo\Documents\CODING\Python\computer_vision\HandGesturePresentationController\Dataset_roboflow\train\IMG_20251211_152146_jpg.rf.cc22b84ba79e77ad406764a75a17c8c1.jpg,99,208,337,291,c:/Users/Lenovo/Documents/CODING/Python/computer_vision/HandGesturePresentationController/dataset_final/train/previous/train_previous_IMG_20251211_152146_jpg.rf.cc22b84ba79e77ad406764a75a17c8c1_80_202_356_297.jpg
train,previous,c:\Users\Lenovo\Documents\CODING\Python\computer_vision\HandGesturePresentationController\Dataset_roboflow\train\IMG_20251211_152155_jpg.rf.15e7a8c83764869ce962759c7e881e38.jpg,54,170,270,266,c:/Users/Lenovo/Documents/CODING/Python/computer_vision/HandGesturePresentationController/dataset_final/train/previous/train_previous_IMG_20251211_152155_jpg.rf.15e7a8c83764869ce962759c7e881e38_37_163_287_273.jpg
train,previous,c:\Users\Lenovo\Documents\CODING\Python\computer_vision\HandGesturePresentationController\Dataset_roboflow\train\IMG_20251211_152155_jpg.rf.4501eaf774e1aa1a301b36d3af2a8321.jpg,244,170,460,266,c:/Users/Lenovo/Documents/CODING/Python/computer_vision/HandGesturePresentationController/dataset_final/train/previous/train_previous_IMG_20251211_152155_jpg.rf.4501eaf774e1aa1a301b36d3af2a8321_227_163_477_273.jpg
train,previous,c:\Users\Lenovo\Documents\CODING\Python\computer_vision\HandGesturePresentationController\Dataset_roboflow\train\IMG_20251211_152155_jpg.rf.f012057ffda28749cfb902f413c870a0.jpg,244,170,460,266,c:/Users/Lenovo/Documents/CODING/Python/computer_vision/HandGesturePresentationController/dataset_final/train/previous/train_previous_IMG_20251211_152155_jpg.rf.f012057ffda28749cfb902f413c870a0_227_163_477_273.jpg
train,previous,c:\Users\Lenovo\Documents\CODING\Python\computer_vision\HandGesturePresentationController\Dataset_roboflow\train\IMG_20251211_152219_jpg.rf.0b7b1cab902470a4950c5b3462b1d673.jpg,138,181,448,279,c:/Users/Lenovo/Documents/CODING/Python/computer_vision/HandGesturePresentationController/dataset_final/train/previous/train_previous_IMG_20251211_152219_jpg.rf.0b7b1cab902470a4950c5b3462b1d673_114_174_472_286.jpg
train,previous,c:\Users\Lenovo\Documents\CODING\Python\computer_vision\HandGesturePresentationController\Dataset_roboflow\train\IMG_20251211_152219_jpg.rf.156019cea21b798063721d894b1c5914.jpg,67,181,377,279,c:/Users/Lenovo/Documents/CODING/Python/computer_vision/HandGesturePresentationController/dataset_final/train/previous/train_previous_IMG_20251211_152219_jpg.rf.156019cea21b798063721d894b1c5914_43_174_401_286.jpg
train,previous,c:\Users\Lenovo\Documents\CODING\Python\computer_vision\HandGesturePresentationController\Dataset_roboflow\train\IMG_20251211_152219_jpg.rf.8aeea6940801cd157221b404fb9e5626.jpg,138,181,448,279,c:/Users/Lenovo/Documents/CODING/Python/computer_vision/HandGesturePresentationController/dataset_final/train/previous/train_previous_IMG_20251211_152219_jpg.rf.8aeea6940801cd157221b404fb9e5626_114_174_472_286.jpg
valid,next,c:\Users\Lenovo\Documents\CODING\Python\computer_vision\HandGesturePresentationController\Dataset_roboflow\valid\_storage_emulated_0_DCIM_Camera_IMG_20251121_120706_jpg.rf.5ab50d16660c7c0db965d80e30b08c7a.jpg,56,212,503,406,c:/Users/Lenovo/Documents/CODING/Python/computer_vision/HandGesturePresentationController/dataset_final/valid/next/valid_next__storage_emulated_0_DCIM_Camera_IMG_20251121_120706_jpg.rf.5ab50d16660c7c0db965d80e30b08c7a_21_197_512_421.jpg
valid,next,c:\Users\Lenovo\Documents\CODING\Python\computer_vision\HandGesturePresentationController\Dataset_roboflow\valid\IMG20251127130755_jpg.rf.a28bc186748d25df6326587d19c4ea2e.jpg,130,218,370,388,c:/Users/Lenovo/Documents/CODING/Python/computer_vision/HandGesturePresentationController/dataset_final/valid/next/valid_next_IMG20251127130755_jpg.rf.a28bc186748d25df6326587d19c4ea2e_111_205_389_401.jpg
valid,next,c:\Users\Lenovo\Documents\CODING\Python\computer_vision\HandGesturePresentationController\Dataset_roboflow\valid\IMG20251127130919_jpg.rf.c84707cb072e96a27ea0b4b47fee52f4.jpg,180,266,274,332,c:/Users/Lenovo/Documents/CODING/Python/computer_vision/HandGesturePresentationController/dataset_final/valid/next/valid_next_IMG20251127130919_jpg.rf.c84707cb072e96a27ea0b4b47fee52f4_173_261_281_337.jpg
valid,previous,c:\Users\Lenovo\Documents\CODING\Python\computer_vision\HandGesturePresentationController\Dataset_roboflow\valid\IMG20251127130932_jpg.rf.2be7b96bc1355c1e61a8e1fc77d97614.jpg,168,202,252,262,c:/Users/Lenovo/Documents/CODING/Python/computer_vision/HandGesturePresentationController/dataset_final/valid/previous/valid_previous_IMG20251127130932_jpg.rf.2be7b96bc1355c1e61a8e1fc77d97614_162_198_258_266.jpg
valid,previous,c:\Users\Lenovo\Documents\CODING\Python\computer_vision\HandGesturePresentationController\Dataset_roboflow\valid\IMG_20251121_120607_jpg.rf.1f4237645cce253f98c537d0740af3ed.jpg,60,199,477,371,c:/Users/Lenovo/Documents/CODING/Python/computer_vision/HandGesturePresentationController/dataset_final/valid/previous/valid_previous_IMG_20251121_120607_jpg.rf.1f4237645cce253f98c537d0740af3ed_27_186_510_384.jpg
valid,previous,c:\Users\Lenovo\Documents\CODING\Python\computer_vision\HandGesturePresentationController\Dataset_roboflow\valid\IMG_20251121_120855_jpg.rf.2515ce7638a3bb68f0a061d3c6d11f97.jpg,194,287,327,337,c:/Users/Lenovo/Documents/CODING/Python/computer_vision/HandGesturePresentationController/dataset_final/valid/previous/valid_previous_IMG_20251121_120855_jpg.rf.2515ce7638a3bb68f0a061d3c6d11f97_184_283_337_341.jpg
valid,next,c:\Users\Lenovo\Documents\CODING\Python\computer_vision\HandGesturePresentationController\Dataset_roboflow\valid\IMG_20251121_120912_jpg.rf.1a8e8025a6f19fb710f0fc418f606518.jpg,214,304,378,378,c:/Users/Lenovo/Documents/CODING/Python/computer_vision/HandGesturePresentationController/dataset_final/valid/next/valid_next_IMG_20251121_120912_jpg.rf.1a8e8025a6f19fb710f0fc418f606518_201_299_391_383.jpg
valid,next,c:\Users\Lenovo\Documents\CODING\Python\computer_vision\HandGesturePresentationController\Dataset_roboflow\valid\IMG_20251121_120919_jpg.rf.5f182a3bc726f7e996afbc83ad5f6835.jpg,190,307,385,389,c:/Users/Lenovo/Documents/CODING/Python/computer_vision/HandGesturePresentationController/dataset_final/valid/next/valid_next_IMG_20251121_120919_jpg.rf.5f182a3bc726f7e996afbc83ad5f6835_175_301_400_395.jpg
valid,next,c:\Users\Lenovo\Documents\CODING\Python\computer_vision\HandGesturePresentationController\Dataset_roboflow\valid\IMG_20251121_120935_jpg.rf.3a12a30d7a92183140c8127fa6b88871.jpg,190,309,341,370,c:/Users/Lenovo/Documents/CODING/Python/computer_vision/HandGesturePresentationController/dataset_final/valid/next/valid_next_IMG_20251121_120935_jpg.rf.3a12a30d7a92183140c8127fa6b88871_178_305_353_374.jpg
valid,next,c:\Users\Lenovo\Documents\CODING\Python\computer_vision\HandGesturePresentationController\Dataset_roboflow\valid\IMG_20251201_142215_jpg.rf.a3c92a847cd681745ca3124872d152b5.jpg,151,311,316,432,c:/Users/Lenovo/Documents/CODING/Python/computer_vision/HandGesturePresentationController/dataset_final/valid/next/valid_next_IMG_20251201_142215_jpg.rf.a3c92a847cd681745ca3124872d152b5_138_302_329_441.jpg
valid,previous,c:\Users\Lenovo\Documents\CODING\Python\computer_vision\HandGesturePresentationController\Dataset_roboflow\valid\IMG_20251201_165930_jpg.rf.19e18852ebe2fd5283a7836236dfba51.jpg,198,132,386,231,c:/Users/Lenovo/Documents/CODING/Python/computer_vision/HandGesturePresentationController/dataset_final/valid/previous/valid_previous_IMG_20251201_165930_jpg.rf.19e18852ebe2fd5283a7836236dfba51_183_125_401_238.jpg
valid,next,c:\Users\Lenovo\Documents\CODING\Python\computer_vision\HandGesturePresentationController\Dataset_roboflow\valid\IMG_20251201_170016_jpg.rf.a3683c1052cbccdfec2badb9fb21ae29.jpg,173,256,242,290,c:/Users/Lenovo/Documents/CODING/Python/computer_vision/HandGesturePresentationController/dataset_final/valid/next/valid_next_IMG_20251201_170016_jpg.rf.a3683c1052cbccdfec2badb9fb21ae29_168_254_247_292.jpg
valid,previous,c:\Users\Lenovo\Documents\CODING\Python\computer_vision\HandGesturePresentationController\Dataset_roboflow\valid\IMG_20251201_170032_jpg.rf.1793c63ef3c4dadcd86e9a5b41b52f9a.jpg,64,171,142,220,c:/Users/Lenovo/Documents/CODING/Python/computer_vision/HandGesturePresentationController/dataset_final/valid/previous/valid_previous_IMG_20251201_170032_jpg.rf.1793c63ef3c4dadcd86e9a5b41b52f9a_58_168_148_223.jpg
valid,previous,c:\Users\Lenovo\Documents\CODING\Python\computer_vision\HandGesturePresentationController\Dataset_roboflow\valid\IMG_20251211_151400_jpg.rf.bbd668cacbfa13dc7bc3b360b69016af.jpg,153,185,312,243,c:/Users/Lenovo/Documents/CODING/Python/computer_vision/HandGesturePresentationController/dataset_final/valid/previous/valid_previous_IMG_20251211_151400_jpg.rf.bbd668cacbfa13dc7bc3b360b69016af_141_181_324_247.jpg
valid,previous,c:\Users\Lenovo\Documents\CODING\Python\computer_vision\HandGesturePresentationController\Dataset_roboflow\valid\IMG_20251211_151712_jpg.rf.d6126279c145238421422052c18cb627.jpg,148,153,275,203,c:/Users/Lenovo/Documents/CODING/Python/computer_vision/HandGesturePresentationController/dataset_final/valid/previous/valid_previous_IMG_20251211_151712_jpg.rf.d6126279c145238421422052c18cb627_138_149_285_207.jpg
valid,previous,c:\Users\Lenovo\Documents\CODING\Python\computer_vision\HandGesturePresentationController\Dataset_roboflow\valid\IMG_20251211_152055_jpg.rf.0254c9a20327b0a825af7deea2aa2c2c.jpg,132,209,346,277,c:/Users/Lenovo/Documents/CODING/Python/computer_vision/HandGesturePresentationController/dataset_final/valid/previous/valid_previous_IMG_20251211_152055_jpg.rf.0254c9a20327b0a825af7deea2aa2c2c_115_204_363_282.jpg
test,next,c:\Users\Lenovo\Documents\CODING\Python\computer_vision\HandGesturePresentationController\Dataset_roboflow\test\IMG20251127130802_jpg.rf.c3a4e659f8d0269a9194b8a236eace01.jpg,209,278,443,447,c:/Users/Lenovo/Documents/CODING/Python/computer_vision/HandGesturePresentationController/dataset_final/test/next/test_next_IMG20251127130802_jpg.rf.c3a4e659f8d0269a9194b8a236eace01_191_265_461_460.jpg
test,next,c:\Users\Lenovo\Documents\CODING\Python\computer_vision\HandGesturePresentationController\Dataset_roboflow\test\IMG20251127130911_jpg.rf.09760483d62dea8944d6c500310a3b0e.jpg,205,238,300,304,c:/Users/Lenovo/Documents/CODING/Python/computer_vision/HandGesturePresentationController/dataset_final/test/next/test_next_IMG20251127130911_jpg.rf.09760483d62dea8944d6c500310a3b0e_198_233_307_309.jpg
test,previous,c:\Users\Lenovo\Documents\CODING\Python\computer_vision\HandGesturePresentationController\Dataset_roboflow\test\IMG_20251121_120840_jpg.rf.0eb783bfe699cc83979f00065dc71193.jpg,240,303,369,358,c:/Users/Lenovo/Documents/CODING/Python/computer_vision/HandGesturePresentationController/dataset_final/test/previous/test_previous_IMG_20251121_120840_jpg.rf.0eb783bfe699cc83979f00065dc71193_230_299_379_362.jpg
test,previous,c:\Users\Lenovo\Documents\CODING\Python\computer_vision\HandGesturePresentationController\Dataset_roboflow\test\IMG_20251201_141943_jpg.rf.15fae05127d6c5aa629b9e92250565be.jpg,149,325,296,426,c:/Users/Lenovo/Documents/CODING/Python/computer_vision/HandGesturePresentationController/dataset_final/test/previous/test_previous_IMG_20251201_141943_jpg.rf.15fae05127d6c5aa629b9e92250565be_138_317_307_434.jpg
test,next,c:\Users\Lenovo\Documents\CODING\Python\computer_vision\HandGesturePresentationController\Dataset_roboflow\test\IMG_20251201_142233_jpg.rf.ea3cf4d94902b8e3bfedc496aa03b1ee.jpg,159,326,328,436,c:/Users/Lenovo/Documents/CODING/Python/computer_vision/HandGesturePresentationController/dataset_final/test/next/test_next_IMG_20251201_142233_jpg.rf.ea3cf4d94902b8e3bfedc496aa03b1ee_146_318_341_444.jpg
test,previous,c:\Users\Lenovo\Documents\CODING\Python\computer_vision\HandGesturePresentationController\Dataset_roboflow\test\IMG_20251201_165926_jpg.rf.45eef8c83bfa020180efda171c2c2eae.jpg,150,270,322,369,c:/Users/Lenovo/Documents/CODING/Python/computer_vision/HandGesturePresentationController/dataset_final/test/previous/test_previous_IMG_20251201_165926_jpg.rf.45eef8c83bfa020180efda171c2c2eae_137_263_335_376.jpg
test,previous,c:\Users\Lenovo\Documents\CODING\Python\computer_vision\HandGesturePresentationController\Dataset_roboflow\test\IMG_20251201_170037_jpg.rf.6e2a3641528bb1de81fce76991107c65.jpg,248,209,311,250,c:/Users/Lenovo/Documents/CODING/Python/computer_vision/HandGesturePresentationController/dataset_final/test/previous/test_previous_IMG_20251201_170037_jpg.rf.6e2a3641528bb1de81fce76991107c65_243_206_316_253.jpg
test,next,c:\Users\Lenovo\Documents\CODING\Python\computer_vision\HandGesturePresentationController\Dataset_roboflow\test\IMG_20251211_150924_jpg.rf.3fbad730ae8266aa5ed84b9196ef1223.jpg,186,275,421,359,c:/Users/Lenovo/Documents/CODING/Python/computer_vision/HandGesturePresentationController/dataset_final/test/next/test_next_IMG_20251211_150924_jpg.rf.3fbad730ae8266aa5ed84b9196ef1223_168_269_439_365.jpg
test,previous,c:\Users\Lenovo\Documents\CODING\Python\computer_vision\HandGesturePresentationController\Dataset_roboflow\test\IMG_20251211_151011_jpg.rf.356d90a7a5dd0e8be043664acf41dfd2.jpg,117,192,348,279,c:/Users/Lenovo/Documents/CODING/Python/computer_vision/HandGesturePresentationController/dataset_final/test/previous/test_previous_IMG_20251211_151011_jpg.rf.356d90a7a5dd0e8be043664acf41dfd2_99_186_366_285.jpg
test,previous,c:\Users\Lenovo\Documents\CODING\Python\computer_vision\HandGesturePresentationController\Dataset_roboflow\test\IMG_20251211_151028_jpg.rf.fd3b31824e41867598a3ef7e1ca113ba.jpg,234,226,444,323,c:/Users/Lenovo/Documents/CODING/Python/computer_vision/HandGesturePresentationController/dataset_final/test/previous/test_previous_IMG_20251211_151028_jpg.rf.fd3b31824e41867598a3ef7e1ca113ba_218_219_460_330.jpg
test,previous,c:\Users\Lenovo\Documents\CODING\Python\computer_vision\HandGesturePresentationController\Dataset_roboflow\test\IMG_20251211_151039_jpg.rf.9c5efadb97fbc0d10e98147750b9356a.jpg,158,150,409,238,c:/Users/Lenovo/Documents/CODING/Python/computer_vision/HandGesturePresentationController/dataset_final/test/previous/test_previous_IMG_20251211_151039_jpg.rf.9c5efadb97fbc0d10e98147750b9356a_138_143_429_245.jpg
test,next,c:\Users\Lenovo\Documents\CODING\Python\computer_vision\HandGesturePresentationController\Dataset_roboflow\test\IMG_20251211_151202_jpg.rf.5f78e9fa51901e8ed623a60ad0ee9649.jpg,143,122,357,209,c:/Users/Lenovo/Documents/CODING/Python/computer_vision/HandGesturePresentationController/dataset_final/test/next/test_next_IMG_20251211_151202_jpg.rf.5f78e9fa51901e8ed623a60ad0ee9649_126_116_374_215.jpg
test,previous,c:\Users\Lenovo\Documents\CODING\Python\computer_vision\HandGesturePresentationController\Dataset_roboflow\test\IMG_20251211_151354_jpg.rf.c4ab0a7356845ce37ed310dba8191843.jpg,134,261,336,327,c:/Users/Lenovo/Documents/CODING/Python/computer_vision/HandGesturePresentationController/dataset_final/test/previous/test_previous_IMG_20251211_151354_jpg.rf.c4ab0a7356845ce37ed310dba8191843_118_256_352_332.jpg
test,next,c:\Users\Lenovo\Documents\CODING\Python\computer_vision\HandGesturePresentationController\Dataset_roboflow\test\IMG_20251211_151617_jpg.rf.82b6f922897253d59668a56ab36abd04.jpg,147,186,329,264,c:/Users/Lenovo/Documents/CODING/Python/computer_vision/HandGesturePresentationController/dataset_final/test/next/test_next_IMG_20251211_151617_jpg.rf.82b6f922897253d59668a56ab36abd04_133_180_343_270.jpg
test,previous,c:\Users\Lenovo\Documents\CODING\Python\computer_vision\HandGesturePresentationController\Dataset_roboflow\test\IMG_20251211_151800_jpg.rf.8f2ffee3764c4d3ab7a21333778ab67a.jpg,161,207,284,268,c:/Users/Lenovo/Documents/CODING/Python/computer_vision/HandGesturePresentationController/dataset_final/test/previous/test_previous_IMG_20251211_151800_jpg.rf.8f2ffee3764c4d3ab7a21333778ab67a_152_203_293_272.jpg
test,next,c:\Users\Lenovo\Documents\CODING\Python\computer_vision\HandGesturePresentationController\Dataset_roboflow\test\IMG_20251211_151914_jpg.rf.9ac9b511bc757bab4e53407fc81062ab.jpg,167,148,400,237,c:/Users/Lenovo/Documents/CODING/Python/computer_vision/HandGesturePresentationController/dataset_final/test/next/test_next_IMG_20251211_151914_jpg.rf.9ac9b511bc757bab4e53407fc81062ab_149_141_418_244.jpg
